,id
31,PG10029
64,PG10059
73,PG10067
90,PG10082
91,PG10083
122,PG10110
397,PG10359
411,PG10371
413,PG10373
491,PG10443
518,PG10468
525,PG10474
527,PG10476
595,PG10537
616,PG10556
637,PG10575
647,PG10584
648,PG10585
692,PG10624
730,PG10659
786,PG10709
801,PG10724
994,PG108
1047,PG10948
1154,PG11043
1200,PG11085
1247,PG11127
1248,PG11128
1386,PG11252
1520,PG11373
1607,PG11451
1653,PG11493
1727,PG1155
1771,PG1159
2027,PG1182
2120,PG11913
2159,PG11949
2248,PG12028
2377,PG12144
2423,PG12187
2426,PG1218
2432,PG12195
2481,PG12239
2565,PG12314
2628,PG12371
2706,PG12441
2781,PG12509
2870,PG12590
2946,PG12659
2967,PG12678
3056,PG12758
3250,PG12932
3264,PG12945
3265,PG12946
3266,PG12947
3267,PG12948
3390,PG13058
3448,PG13110
3491,PG1314
3525,PG13180
3738,PG13372
4302,PG13880
4304,PG13882
4541,PG14095
4542,PG14096
4621,PG14167
4805,PG14332
4845,PG14369
4968,PG1447
5128,PG14623
5383,PG14853
5430,PG14896
5501,PG1495
5906,PG15323
5942,PG15356
6135,PG1552
6257,PG1563
6318,PG15695
6347,PG15720
6538,PG15893
6618,PG15965
6680,PG1601
6715,PG16051
6799,PG16127
6844,PG16168
6885,PG16204
6902,PG1621
6979,PG1628
7034,PG16339
7233,PG1651
7344,PG1661
7532,PG1678
7610,PG1685
7621,PG1686
7676,PG16919
7720,PG1695
7731,PG1696
7762,PG16998
7764,PG1699
7810,PG1703
7811,PG17040
7836,PG17063
7839,PG17066
7875,PG17099
7877,PG170
7881,PG17103
7966,PG17180
7984,PG17197
7999,PG1720
8068,PG17272
8099,PG172
8161,PG17356
8209,PG173
8308,PG1748
8609,PG17762
8610,PG17763
8724,PG17866
8826,PG17959
8870,PG17999
9039,PG1814
9227,PG1831
9238,PG1832
9249,PG1833
9260,PG1834
9271,PG1835
9282,PG1836
9425,PG1849
9442,PG18515
9447,PG1851
9513,PG1857
9550,PG18613
9614,PG18671
9645,PG1869
9678,PG1872
9713,PG18761
9744,PG1878
9854,PG1888
9937,PG18965
9999,PG19020
10052,PG19069
10138,PG19147
10173,PG1917
10239,PG1923
10300,PG19295
10344,PG19335
10381,PG19369
10419,PG19403
10551,PG19523
10591,PG1955
10646,PG1960
10679,PG1963
10714,PG19672
10821,PG1976
10910,PG19851
10965,PG19901
10995,PG19929
11126,PG20047
11133,PG20053
11229,PG2013
11240,PG2014
11243,PG20152
11295,PG2019
11395,PG2028
11429,PG2031
11506,PG2038
11562,PG2043
11606,PG2047
11622,PG20494
11625,PG20497
11629,PG204
11680,PG20546
11694,PG20559
11731,PG20592
11753,PG20611
11774,PG20630
11822,PG20674
12087,PG20912
12160,PG2097
12166,PG20985
12242,PG21052
12450,PG2123
12477,PG21264
12483,PG2126
12762,PG21520
12764,PG21522
12767,PG21525
12773,PG21530
12834,PG21586
12854,PG21603
12869,PG21617
12994,PG2172
13002,PG21737
13065,PG21794
13099,PG21824
13119,PG21842
13132,PG21854
13156,PG21876
13173,PG21891
13174,PG21892
13188,PG21904
13415,PG22109
13466,PG22155
13486,PG22173
13516,PG221
13530,PG22212
13544,PG22225
13602,PG22278
13681,PG22349
13738,PG223
14189,PG22806
14190,PG22807
14191,PG22808
14192,PG22809
14195,PG22811
14205,PG22820
14270,PG2287
14399,PG22996
14470,PG23059
14491,PG23078
14534,PG23116
14572,PG23150
14885,PG23432
14893,PG2343
14904,PG2344
14915,PG2345
14926,PG2346
14931,PG23474
14937,PG2347
14947,PG23489
14948,PG2348
14959,PG2349
14971,PG2350
15059,PG2358
15117,PG23641
15156,PG23677
15204,PG2371
15208,PG23723
15387,PG23885
15553,PG24033
15630,PG24102
15740,PG24201
16071,PG244
16093,PG2451
16126,PG2454
16157,PG24578
16274,PG24683
16367,PG24767
16369,PG24769
16447,PG24839
16547,PG24929
16552,PG24933
17057,PG25388
17098,PG25424
17237,PG2554
17287,PG25595
17334,PG25637
17392,PG2568
17398,PG25695
17463,PG25753
17473,PG25762
17482,PG25770
17494,PG25781
17500,PG25787
17518,PG25802
17567,PG25847
17569,PG25849
17596,PG25873
17598,PG25875
17808,PG26063
17910,PG26155
17932,PG26175
17933,PG26176
17952,PG26193
18072,PG26304
18074,PG26306
18094,PG26324
18147,PG26372
18173,PG26396
18230,PG26447
18253,PG26468
18256,PG26470
18269,PG26482
18371,PG26574
18385,PG26587
18415,PG26613
18463,PG26657
18516,PG26704
18721,PG2688
18755,PG2691
18761,PG26925
18952,PG27097
19008,PG27147
19077,PG27209
19255,PG2736
19425,PG27523
19453,PG27549
19598,PG2767
19627,PG27705
19646,PG27722
19719,PG27789
19725,PG27794
19759,PG27824
19832,PG27890
19842,PG2789
19915,PG27965
19951,PG27998
20034,PG28071
20048,PG28084
20134,PG28161
20137,PG28164
20209,PG28229
20248,PG28264
20325,PG28333
20329,PG28337
20452,PG28448
20488,PG28480
20515,PG28504
20542,PG2852
20614,PG28595
20642,PG2861
20719,PG2868
20727,PG28697
20768,PG28733
20807,PG28769
20819,PG28780
20883,PG28839
20884,PG2883
20894,PG28849
21095,PG29029
21255,PG29173
21431,PG29331
21508,PG29400
21615,PG29498
21698,PG29572
21761,PG29629
21807,PG29670
21845,PG29704
21864,PG29721
22009,PG29852
22036,PG29877
22281,PG30096
22382,PG30187
22673,PG30450
22702,PG30477
22775,PG30542
22822,PG30586
22838,PG305
22878,PG30636
22890,PG30647
22960,PG3070
22971,PG3071
23073,PG30811
23090,PG30827
23096,PG30832
23097,PG30833
23100,PG30836
23102,PG30838
23131,PG30864
23135,PG30868
23187,PG30914
23269,PG30989
23433,PG31135
23684,PG31361
23756,PG31426
23877,PG31535
23924,PG31578
23928,PG31581
23936,PG31589
24039,PG31681
24182,PG3180
24193,PG3181
24299,PG31915
24336,PG31949
24402,PG32007
24459,PG32059
24524,PG32117
24613,PG32198
24692,PG32269
24739,PG32310
24879,PG32437
24881,PG32439
25020,PG32564
25179,PG32707
25205,PG32730
25207,PG32732
25392,PG3289
25487,PG32985
25510,PG33004
25526,PG33019
25616,PG330
25758,PG33228
25761,PG33230
25764,PG33233
25774,PG33242
25806,PG33271
25814,PG33279
25818,PG33282
25840,PG33301
25844,PG33305
25915,PG3336
25928,PG33381
25929,PG33382
25930,PG33383
25940,PG33392
26022,PG33466
26111,PG33546
26134,PG33567
26276,PG33695
26529,PG33922
26601,PG33988
26639,PG34020
26655,PG34035
26667,PG34046
26680,PG34058
26923,PG34277
27001,PG34347
27025,PG34369
27054,PG34395
27064,PG34403
27106,PG34441
27108,PG34443
27135,PG34468
27229,PG34552
27272,PG34591
27273,PG34592
27278,PG34597
27295,PG34611
27337,PG3464
27341,PG34653
27353,PG34664
27373,PG34682
27380,PG34689
27383,PG34691
27405,PG34710
27429,PG34732
27447,PG34749
27498,PG34795
27539,PG34831
27540,PG34832
27543,PG34835
27560,PG34850
27644,PG34926
27653,PG34934
27658,PG34939
27665,PG34945
27667,PG34947
27698,PG34975
27731,PG35003
27752,PG35022
27776,PG35044
27818,PG35082
27819,PG35083
27888,PG35146
27954,PG35205
28000,PG35247
28008,PG35254
28033,PG35277
28064,PG35304
28127,PG35361
28197,PG35424
28239,PG35462
28263,PG35484
28285,PG35503
28286,PG35504
28460,PG35661
28487,PG35686
28623,PG35808
28651,PG35833
28679,PG35859
28728,PG35902
28826,PG35991
28923,PG36079
28967,PG36118
29054,PG36198
29109,PG36247
29207,PG36335
29219,PG36346
29241,PG36366
29253,PG36377
29265,PG36388
29274,PG36396
29308,PG36426
29369,PG36481
29676,PG36758
29967,PG37019
30015,PG37062
30048,PG37092
30072,PG37113
30108,PG37146
30111,PG37149
30135,PG37170
30136,PG37171
30295,PG37314
30321,PG37338
30365,PG37378
30490,PG37490
30551,PG37545
30600,PG3758
30800,PG3776
30857,PG37820
30889,PG3784
30959,PG37912
30960,PG37913
30977,PG37929
31090,PG3802
31091,PG38030
31101,PG3803
31194,PG38123
31203,PG38131
31441,PG38347
31573,PG38466
31578,PG38470
31696,PG38577
31732,PG38609
31792,PG38663
31793,PG38664
32041,PG38888
32131,PG38969
32145,PG38981
32147,PG38983
32187,PG39018
32237,PG39063
32316,PG39134
32421,PG39229
32771,PG39544
32806,PG39576
33156,PG39891
33211,PG39940
33312,PG4002
33316,PG40033
33325,PG40041
33326,PG40042
33399,PG40108
33577,PG40269
33665,PG40348
33692,PG40372
33761,PG40434
33794,PG40464
33811,PG4047
33816,PG40484
33824,PG40491
33826,PG40493
33928,PG40585
33929,PG40586
33949,PG40603
34018,PG40666
34019,PG40667
34078,PG4071
34080,PG40721
34081,PG40722
34084,PG40725
34191,PG40821
34220,PG40848
34288,PG40909
34391,PG41001
34475,PG41078
34487,PG41089
34534,PG41130
34557,PG41151
34596,PG41187
34676,PG41259
34678,PG41260
34679,PG41261
34680,PG41262
34836,PG41402
34898,PG41459
34972,PG41525
35187,PG41719
35266,PG41790
35398,PG41909
35512,PG42010
35516,PG42014
35518,PG42016
35545,PG42040
35576,PG42069
35652,PG42137
35766,PG4223
35870,PG42333
35877,PG4233
36105,PG42545
36131,PG42569
36262,PG42687
36293,PG42714
36308,PG42728
36322,PG42740
36338,PG42755
36391,PG42802
36396,PG42807
36403,PG42813
36433,PG42840
36502,PG42902
36505,PG42905
36506,PG42906
36507,PG42907
36725,PG43102
36761,PG43135
36829,PG43197
36830,PG43198
36895,PG43256
36903,PG43263
36930,PG43288
36941,PG43298
36946,PG43301
37001,PG43351
37013,PG43362
37176,PG43509
37257,PG43582
37258,PG43583
37259,PG43584
37362,PG43677
37386,PG43699
37422,PG43730
37460,PG43765
37615,PG43904
37629,PG43917
37791,PG44062
37846,PG44111
37974,PG44227
37998,PG44249
38048,PG44294
38053,PG44299
38095,PG44336
38112,PG44351
38113,PG44352
38114,PG44353
38168,PG44401
38466,PG44670
38491,PG44693
38590,PG44782
38596,PG44788
38637,PG44824
38656,PG44841
38679,PG44862
38690,PG44872
38691,PG44873
38814,PG44984
38875,PG45038
39026,PG45174
39122,PG45260
39124,PG45262
39188,PG4531
39214,PG45343
39296,PG45417
39335,PG45452
39338,PG45455
39340,PG45457
39359,PG45474
39379,PG45492
39422,PG45530
39440,PG45547
39451,PG45557
39472,PG45576
39524,PG45622
39529,PG45627
39531,PG45629
39539,PG45636
39563,PG45658
39588,PG45680
39694,PG45776
39846,PG45912
39913,PG45973
39953,PG46008
39999,PG4604
40015,PG46064
40114,PG46153
40141,PG46178
40284,PG46306
40360,PG46375
40391,PG46402
40407,PG46417
40427,PG46435
40457,PG46462
40522,PG46520
40525,PG46523
40572,PG46566
40621,PG4660
40636,PG46623
40672,PG46656
40730,PG46708
40803,PG46774
40848,PG46814
40888,PG46850
40998,PG4694
41081,PG47023
41232,PG4715
41463,PG47368
41518,PG47417
41565,PG4745
41578,PG47471
41669,PG47553
41679,PG47562
41736,PG47613
41758,PG47633
41772,PG47646
41809,PG4767
41989,PG47841
42055,PG47900
42152,PG47989
42204,PG48034
42304,PG48124
42326,PG48144
42348,PG48164
42388,PG481
42466,PG48270
42522,PG48320
42622,PG48410
42684,PG48467
42696,PG48478
42878,PG48641
42893,PG48655
43145,PG48882
43218,PG48948
43274,PG48999
43524,PG49222
43575,PG49269
43652,PG49338
43680,PG49363
43739,PG49416
43932,PG49590
44027,PG49676
44047,PG49694
44162,PG49798
44163,PG49799
44231,PG4985
44311,PG49931
44315,PG49935
44350,PG49967
44353,PG4996
44368,PG49983
44405,PG50014
44422,PG5002
44430,PG50037
44433,PG5003
44444,PG5004
44446,PG50051
44477,PG5007
44563,PG50157
44572,PG50165
44602,PG50192
44621,PG50209
44638,PG50224
44707,PG50287
44999,PG5054
45059,PG50603
45060,PG50604
45172,PG50705
45210,PG5073
45268,PG50792
45304,PG50824
45306,PG50826
45365,PG5087
45391,PG50902
45410,PG5091
45443,PG5094
45584,PG51076
45744,PG5121
45841,PG51307
45994,PG51445
46054,PG5149
46066,PG5150
46077,PG5151
46199,PG5162
46210,PG5163
46327,PG51745
46387,PG5179
46400,PG51810
46560,PG51955
46561,PG51956
46704,PG52084
46781,PG52153
47048,PG52394
47163,PG52498
47299,PG5261
47369,PG52683
47391,PG52702
47399,PG5270
47509,PG52809
47771,PG53044
47816,PG53085
47821,PG5308
47829,PG53097
47939,PG53196
47941,PG53198
47960,PG53214
48014,PG53263
48019,PG53268
48020,PG53269
48096,PG53337
48101,PG53341
48105,PG53345
48121,PG5335
48174,PG53407
48219,PG53448
48294,PG53515
48469,PG53673
48493,PG53695
48538,PG53735
48581,PG53774
48610,PG537
48996,PG54147
49136,PG54273
49327,PG54445
49420,PG54529
49689,PG54771
49721,PG547
49750,PG54826
49797,PG54869
49911,PG54971
49919,PG54979
50057,PG55101
50058,PG55102
50096,PG55137
50153,PG55189
50214,PG55243
50283,PG55305
50287,PG55309
50289,PG55310
50291,PG55312
50316,PG55335
50330,PG55348
50342,PG55359
50361,PG55376
50363,PG55378
50511,PG55510
50512,PG55511
50566,PG55560
50617,PG55606
50629,PG55617
50657,PG55642
50708,PG55689
50774,PG55748
50813,PG55783
50826,PG55795
50849,PG55815
50867,PG55831
50951,PG55907
50980,PG55933
50995,PG55947
51005,PG55956
51010,PG55960
51011,PG55961
51197,PG56128
51313,PG56233
51317,PG56237
51449,PG56356
51534,PG56432
51576,PG56470
51731,PG5660
51854,PG56720
51864,PG5672
51879,PG56743
51920,PG56780
51927,PG56787
51984,PG56838
52046,PG56894
52056,PG56902
52119,PG5695
52120,PG56960
52121,PG56961
52238,PG57066
52262,PG57088
52277,PG57100
52278,PG57101
52318,PG57138
52328,PG57147
52355,PG57171
52380,PG57194
52399,PG57210
52421,PG57230
52427,PG57236
52491,PG57294
52492,PG57295
52493,PG57296
52511,PG57311
52514,PG57314
52567,PG57362
52576,PG57370
52626,PG57415
52653,PG5743
52728,PG57509
52855,PG57623
52864,PG57631
52877,PG57643
52905,PG57669
52980,PG57737
53000,PG57755
53068,PG57816
53078,PG57825
53266,PG57996
53367,PG58086
53731,PG58413
53739,PG58420
53842,PG58513
53843,PG58514
53911,PG58576
53934,PG58597
54062,PG58711
54069,PG58718
54183,PG58820
54233,PG58866
54404,PG5901
54449,PG59060
54522,PG59126
54601,PG59198
54736,PG59319
54760,PG59340
54791,PG59369
54857,PG59428
54864,PG59434
54912,PG59478
55050,PG59601
55106,PG59652
55107,PG59653
55226,PG59760
55238,PG59771
55259,PG59790
55290,PG59818
55330,PG59854
55373,PG59893
55375,PG59895
55600,PG60096
55616,PG6010
55729,PG60211
55753,PG60233
56165,PG60604
56497,PG60903
56554,PG60955
56575,PG60974
56578,PG60977
56579,PG60978
56755,PG61135
56759,PG61139
56791,PG61168
56896,PG61262
56906,PG61271
56982,PG6133
57176,PG61514
57262,PG61592
57270,PG6159
57562,PG61863
57577,PG61877
57616,PG61911
57689,PG61978
57727,PG62010
57809,PG62085
57901,PG62168
57998,PG62255
58169,PG62409
58190,PG62428
58257,PG62489
58606,PG62802
58630,PG62824
58670,PG62860
58784,PG62963
58985,PG63143
59074,PG63223
59204,PG63340
59278,PG63407
59747,PG6382
59776,PG63856
59785,PG63864
59910,PG63977
60076,PG64125
60100,PG64147
60236,PG64270
60337,PG64361
60414,PG64430
60880,PG64851
60942,PG64907
60972,PG64934
61343,PG6805
61394,PG6851
61408,PG6864
61467,PG6917
61637,PG706
62319,PG7685
62320,PG7686
62321,PG7687
62322,PG7688
62323,PG7689
62325,PG7690
62326,PG7691
62517,PG7863
62528,PG7873
62758,PG807
62842,PG8155
63058,PG834
63111,PG8398
63353,PG8615
63360,PG8621
63363,PG8624
63364,PG8625
63365,PG8626
63366,PG8627
63367,PG8628
63370,PG8630
63371,PG8631
63372,PG8632
63373,PG8633
63374,PG8634
63375,PG8635
63380,PG863
63411,PG8668
63644,PG8878
63800,PG9017
63819,PG9034
63822,PG9037
63847,PG905
64083,PG9297
64088,PG9300
64243,PG9440
64321,PG9510
64345,PG9532
64366,PG9551
64367,PG9552
64368,PG9553
64369,PG9554
64370,PG9555
64371,PG9556
64372,PG9557
64373,PG9558
64459,PG9635
64491,PG9664
64537,PG9705
64545,PG9712
64582,PG9746
64636,PG9795
64637,PG9796
64650,PG9807
64651,PG9808
64680,PG9834
64682,PG9836
64701,PG9853
64722,PG9872
64756,PG9902
64779,PG9923
64806,PG9948
64835,PG9974
64845,PG9983
