word,western,fantasy,scifi,detective,romance
said,1.0,1.0,0.999,1.0,1.0
one,0.999,0.998,0.998,0.999,0.997
would,0.998,0.997,0.997,0.998,0.998
man,0.997,0.994,0.995,0.996,0.991
could,0.996,0.995,0.996,0.995,0.996
like,0.995,0.987,0.994,0.99,0.988
back,0.994,0.969,0.992,0.989,0.971
little,0.993,0.996,0.985,0.991,0.992
time,0.992,0.986,0.993,0.992,0.989
know,0.991,0.974,0.988,0.994,0.987
see,0.99,0.985,0.986,0.993,0.966
eyes,0.989,0.959,0.977,0.966,0.951
two,0.988,0.97,0.987,0.985,0.975
come,0.987,0.981,0.973,0.984,0.0
men,0.986,0.938,0.95,0.951,0.883
came,0.985,0.991,0.983,0.983,0.0
go,0.984,0.978,0.971,0.982,0.857
way,0.983,0.967,0.982,0.979,0.976
old,0.982,0.983,0.935,0.974,0.977
well,0.981,0.971,0.976,0.988,0.983
get,0.98,0.912,0.984,0.975,0.0
upon,0.979,0.992,0.98,0.987,0.985
got,0.978,0.357,0.961,0.936,0.582
made,0.977,0.975,0.978,0.976,0.98
face,0.976,0.907,0.958,0.964,0.0
good,0.975,0.965,0.951,0.961,0.0
right,0.974,0.879,0.969,0.944,0.524
away,0.973,0.967,0.965,0.959,0.0
long,0.972,0.963,0.972,0.943,0.967
never,0.971,0.964,0.955,0.968,0.984
hand,0.97,0.947,0.956,0.956,0.938
went,0.969,0.984,0.962,0.97,0.0
us,0.968,0.973,0.991,0.978,0.981
first,0.967,0.955,0.979,0.957,0.97
say,0.966,0.949,0.92,0.972,0.978
de,0.977,0.999,1.0,0.997,0.999
much,0.964,0.958,0.959,0.962,0.979
head,0.963,0.953,0.947,0.917,0.0
looked,0.962,0.941,0.968,0.952,0.0
day,0.961,0.977,0.907,0.923,0.0
take,0.96,0.943,0.948,0.946,0.96
make,0.959,0.937,0.953,0.95,0.0
must,0.958,0.966,0.967,0.978,0.981
might,0.957,0.94,0.96,0.96,0.973
think,0.956,0.919,0.966,0.98,0.974
even,0.955,0.934,0.981,0.942,0.968
saw,0.954,0.968,0.952,0.948,0.0
last,0.953,0.945,0.941,0.945,0.0
thought,0.952,0.951,0.964,0.955,0.972
girl,0.951,0.853,0.673,0.919,0.0
tell,0.95,0.936,0.904,0.965,0.746
still,0.949,0.939,0.97,0.927,0.961
knew,0.948,0.892,0.929,0.928,0.0
going,0.947,0.0,0.949,0.94,0.0
night,0.946,0.95,0.88,0.939,0.834
look,0.962,0.941,0.968,0.952,0.0
turned,0.944,0.877,0.942,0.916,0.0
horse,0.943,0.0,0.0,0.0,0.831
seemed,0.942,0.887,0.946,0.934,0.0
let,0.941,0.932,0.925,0.922,0.9
left,0.94,0.909,0.922,0.935,0.945
without,0.939,0.927,0.93,0.92,0.955
great,0.938,0.982,0.963,0.918,0.969
young,0.937,0.908,0.054,0.929,0.0
life,0.936,0.914,0.923,0.906,0.0
asked,0.935,0.0,0.934,0.973,0.0
want,0.934,0.817,0.0,0.913,0.0
moment,0.933,0.871,0.939,0.951,0.0
told,0.932,0.921,0.894,0.931,0.0
yet,0.931,0.913,0.91,0.914,0.957
another,0.93,0.906,0.945,0.908,0.0
ja,0.929,0.988,0.974,0.812,0.982
something,0.928,0.856,0.957,0.938,0.0
took,0.927,0.956,0.914,0.925,0.947
door,0.926,0.928,0.943,0.967,0.0
every,0.925,0.929,0.918,0.898,0.95
found,0.924,0.948,0.924,0.949,0.944
voice,0.923,0.867,0.912,0.891,0.0
heard,0.922,0.942,0.878,0.915,0.0
place,0.921,0.918,0.909,0.932,0.941
hands,0.92,0.863,0.882,0.878,0.938
though,0.952,0.951,0.964,0.955,0.972
ever,0.971,0.964,0.955,0.968,0.984
nothing,0.917,0.923,0.94,0.947,0.959
enough,0.916,0.846,0.911,0.897,0.0
around,0.915,0.757,0.938,0.0,0.0
put,0.914,0.922,0.893,0.911,0.0
side,0.913,0.862,0.892,0.876,0.833
thing,0.928,0.923,0.957,0.947,0.959
three,0.911,0.916,0.928,0.883,0.925
stood,0.91,0.894,0.886,0.869,0.817
father,0.909,0.925,0.722,0.895,0.927
far,0.908,0.881,0.906,0.865,0.93
new,0.948,0.892,0.931,0.928,0.935
big,0.906,0.0,0.847,0.774,0.0
ai,1.0,1.0,0.999,1.0,1.0
many,0.904,0.93,0.891,0.867,0.94
along,0.903,0.801,0.863,0.841,0.0
seen,0.902,0.883,0.874,0.888,0.0
white,0.901,0.87,0.843,0.0,0.0
woman,0.9,0.905,0.645,0.924,0.0
give,0.899,0.91,0.87,0.899,0.899
trail,0.898,0.0,0.0,0.0,0.0
house,0.897,0.924,0.808,0.958,0.0
things,0.896,0.875,0.9,0.88,0.0
sure,0.895,0.785,0.871,0.887,0.0
toward,0.894,0.724,0.883,0.629,0.887
yes,0.989,0.959,0.977,0.966,0.951
heart,0.892,0.897,0.737,0.814,0.0
may,0.891,0.952,0.901,0.953,0.963
behind,0.89,0.824,0.881,0.83,0.0
better,0.889,0.828,0.866,0.863,0.0
feet,0.888,0.839,0.908,0.787,0.0
work,0.887,0.811,0.903,0.858,0.0
mind,0.886,0.844,0.905,0.901,0.873
felt,0.885,0.812,0.879,0.856,0.0
find,0.884,0.888,0.885,0.91,0.931
done,0.883,0.864,0.856,0.87,0.0
room,0.882,0.85,0.926,0.969,0.0
oh,0.881,0.855,0.827,0.892,0.901
water,0.88,0.895,0.875,0.0,0.0
jack,0.879,0.633,0.409,0.666,0.815
horses,0.878,0.0,0.0,0.0,0.0
en,0.986,0.989,0.989,0.97,0.99
began,0.876,0.904,0.889,0.85,0.0
always,0.875,0.857,0.849,0.86,0.0
half,0.874,0.744,0.861,0.832,0.283
gone,0.873,0.821,0.837,0.851,0.0
almost,0.872,0.767,0.897,0.879,0.934
across,0.871,0.0,0.864,0.788,0.0
home,0.87,0.901,0.779,0.857,0.0
soon,0.869,0.902,0.853,0.852,0.921
keep,0.868,0.768,0.844,0.84,0.0
gave,0.867,0.898,0.848,0.859,0.928
fire,0.866,0.794,0.768,0.0,0.0
light,0.865,0.842,0.919,0.871,0.0
ca,0.985,0.991,0.983,0.983,0.913
anything,0.863,0.769,0.877,0.896,0.0
boy,0.862,0.861,0.616,0.702,0.85
red,0.861,0.781,0.857,0.881,0.793
camp,0.86,0.0,0.0,0.0,0.0
country,0.859,0.0,0.671,0.64,0.882
days,0.858,0.845,0.835,0.805,0.0
morning,0.857,0.859,0.765,0.874,0.0
called,0.856,0.878,0.833,0.846,0.913
boys,0.855,0.0,0.0,0.702,0.0
black,0.854,0.826,0.838,0.766,0.855
set,0.853,0.0,0.862,0.797,0.0
years,0.852,0.832,0.89,0.839,0.922
next,0.851,0.848,0.841,0.848,0.0
words,0.85,0.858,0.0,0.843,0.933
course,0.849,0.788,0.902,0.9,0.36
word,0.85,0.858,0.748,0.843,0.933
miss,0.847,0.0,0.537,0.941,0.962
replied,0.846,0.89,0.807,0.893,0.0
open,0.845,0.806,0.859,0.853,0.0
lay,0.844,0.854,0.798,0.729,0.812
looking,0.843,0.798,0.818,0.844,0.0
name,0.842,0.83,0.805,0.886,0.924
brought,0.841,0.866,0.812,0.826,0.914
sat,0.84,0.873,0.829,0.81,0.0
held,0.839,0.726,0.823,0.776,0.0
suddenly,0.838,0.755,0.869,0.0,0.0
love,0.837,0.885,0.75,0.806,0.949
near,0.836,0.819,0.784,0.764,0.894
hard,0.835,0.7,0.73,0.693,0.786
end,0.834,0.847,0.868,0.855,0.504
people,0.833,0.915,0.936,0.847,0.939
coming,0.832,0.0,0.79,0.791,0.0
since,0.831,0.797,0.86,0.836,0.923
passed,0.83,0.81,0.817,0.809,0.905
money,0.829,0.0,0.0,0.872,0.0
cried,0.828,0.0,0.0,0.875,0.0
town,0.827,0.601,0.0,0.651,0.264
shall,0.826,0.96,0.858,0.909,0.964
rode,0.825,0.0,0.0,0.0,0.509
close,0.824,0.687,0.795,0.0,0.0
talk,0.823,0.0,0.703,0.76,0.0
la,0.953,0.993,0.99,0.986,0.995
friend,0.821,0.758,0.655,0.855,0.0
alone,0.82,0.761,0.749,0.779,0.0
among,0.819,0.807,0.755,0.606,0.895
world,0.818,0.889,0.933,0.78,0.0
answered,0.817,0.0,0.745,0.881,0.0
quite,0.816,0.886,0.855,0.902,0.0
part,0.815,0.786,0.854,0.828,0.918
ground,0.814,0.792,0.802,0.577,0.0
perhaps,0.813,0.743,0.852,0.866,0.932
hear,0.922,0.942,0.878,0.915,0.0
help,0.811,0.774,0.803,0.829,0.0
dead,0.81,0.8,0.809,0.796,0.0
followed,0.809,0.714,0.734,0.771,0.0
dark,0.808,0.734,0.811,0.778,0.0
full,0.807,0.827,0.815,0.741,0.0
matter,0.806,0.736,0.839,0.862,0.0
run,0.805,0.63,0.67,0.653,0.162
best,0.804,0.766,0.727,0.777,0.915
returned,0.803,0.0,0.668,0.799,0.0
hour,0.802,0.654,0.801,0.82,0.0
mean,0.801,0.628,0.82,0.842,0.869
others,0.8,0.75,0.845,0.0,0.0
lost,0.799,0.748,0.738,0.744,0.0
reached,0.798,0.78,0.81,0.703,0.0
wo,0.998,0.997,0.997,0.998,0.998
ride,0.796,0.327,0.0,0.0,0.0
kind,0.795,0.772,0.791,0.72,0.0
whole,0.794,0.834,0.84,0.793,0.909
till,0.949,0.946,0.97,0.927,0.961
slowly,0.792,0.563,0.832,0.724,0.0
shot,0.791,0.0,0.639,0.0,0.0
met,0.928,0.856,0.957,0.938,0.917
saddle,0.789,0.0,0.0,0.0,0.0
sight,0.788,0.777,0.709,0.674,0.0
business,0.787,0.0,0.0,0.823,0.0
air,0.786,0.818,0.899,0.77,0.644
jim,0.785,0.012,0.334,0.387,0.788
together,0.784,0.833,0.794,0.769,0.0
chance,0.783,0.0,0.715,0.734,0.0
forward,0.782,0.0,0.792,0.697,0.0
rose,0.781,0.802,0.728,0.719,0.903
hän,0.78,0.926,0.842,0.701,0.946
miles,0.779,0.29,0.806,0.0,0.0
small,0.778,0.762,0.876,0.0,0.0
oli,0.777,0.917,0.873,0.819,0.67
later,0.776,0.359,0.813,0.794,0.0
drew,0.775,0.705,0.58,0.686,0.84
lips,0.774,0.514,0.632,0.665,0.0
fell,0.773,0.874,0.751,0.711,0.0
leave,0.772,0.787,0.726,0.815,0.0
started,0.771,0.0,0.799,0.726,0.0
taken,0.77,0.745,0.767,0.834,0.906
says,0.769,0.742,0.262,0.567,0.877
believe,0.768,0.706,0.776,0.854,0.0
also,0.767,0.869,0.85,0.827,0.911
laughed,0.766,0.641,0.0,0.684,0.0
cattle,0.765,0.0,0.0,0.0,0.0
gun,0.764,0.0,0.642,0.0,0.0
ready,0.763,0.665,0.824,0.763,0.888
smile,0.762,0.433,0.0,0.694,0.0
hope,0.761,0.635,0.743,0.784,0.0
wild,0.76,0.642,0.515,0.0,0.488
rest,0.759,0.784,0.775,0.66,0.0
call,0.856,0.878,0.833,0.846,0.913
wanted,0.757,0.0,0.0,0.73,0.0
need,0.756,0.634,0.793,0.718,0.0
spoke,0.755,0.694,0.708,0.759,0.824
bad,0.754,0.538,0.0,0.613,0.0
friends,0.753,0.686,0.0,0.721,0.0
road,0.752,0.0,0.0,0.698,0.0
turn,0.944,0.877,0.942,0.916,0.0
caught,0.75,0.0,0.691,0.687,0.0
four,0.749,0.709,0.826,0.0,0.0
high,0.748,0.808,0.814,0.612,0.0
sound,0.747,0.696,0.797,0.691,0.0
arms,0.746,0.0,0.741,0.0,0.89
within,0.745,0.719,0.828,0.675,0.333
silence,0.744,0.536,0.711,0.705,0.0
already,0.743,0.665,0.824,0.763,0.888
low,0.809,0.714,0.832,0.771,0.744
ten,0.741,0.669,0.614,0.707,0.82
arm,0.746,0.387,0.741,0.671,0.89
sun,0.739,0.782,0.822,0.0,0.846
ran,0.738,0.813,0.8,0.652,0.776
however,0.737,0.825,0.783,0.833,0.907
stopped,0.736,0.0,0.778,0.657,0.0
feel,0.735,0.602,0.753,0.713,0.0
kept,0.734,0.678,0.707,0.716,0.0
pretty,0.733,0.658,0.0,0.681,0.0
deep,0.732,0.651,0.688,0.562,0.0
rather,0.731,0.739,0.754,0.845,0.0
care,0.73,0.691,0.598,0.664,0.0
fact,0.729,0.526,0.787,0.835,0.892
times,0.728,0.69,0.705,0.0,0.88
cut,0.727,0.0,0.686,0.0,0.0
trouble,0.726,0.0,0.0,0.672,0.0
sent,0.725,0.76,0.617,0.7,0.889
point,0.724,0.667,0.0,0.781,0.0
se,0.99,0.985,0.986,0.993,0.966
table,0.722,0.697,0.725,0.822,0.0
body,0.721,0.733,0.865,0.695,0.0
front,0.72,0.0,0.0,0.723,0.0
added,0.719,0.558,0.0,0.773,0.0
mine,0.718,0.613,0.568,0.603,0.0
short,0.717,0.644,0.702,0.712,0.0
hold,0.716,0.688,0.682,0.635,0.0
story,0.715,0.849,0.64,0.821,0.865
guess,0.714,0.0,0.0,0.0,0.0
whose,0.713,0.779,0.679,0.689,0.897
hair,0.712,0.74,0.627,0.0,0.0
strange,0.711,0.753,0.8,0.376,0.0
five,0.71,0.0,0.625,0.0,0.0
eye,0.989,0.959,0.977,0.966,0.951
die,0.708,0.972,0.975,0.428,0.937
known,0.707,0.629,0.69,0.747,0.891
line,0.706,0.257,0.718,0.566,0.703
death,0.705,0.803,0.804,0.789,0.0
understand,0.704,0.588,0.78,0.775,0.0
show,0.703,0.626,0.624,0.667,0.0
least,0.702,0.666,0.789,0.768,0.0
cold,0.701,0.609,0.678,0.556,0.0
strong,0.7,0.584,0.0,0.568,0.0
fight,0.699,0.369,0.54,0.0,0.0
straight,0.698,0.0,0.557,0.0,0.0
answer,0.817,0.659,0.745,0.881,0.0
god,0.696,0.778,0.701,0.115,0.495
minutes,0.695,0.0,0.819,0.786,0.0
given,0.694,0.729,0.692,0.738,0.899
use,0.897,0.924,0.831,0.958,0.879
ask,0.935,0.718,0.934,0.973,0.0
less,0.691,0.611,0.759,0.644,0.896
beyond,0.69,0.572,0.769,0.563,0.0
certain,0.689,0.646,0.731,0.802,0.0
tried,0.688,0.0,0.788,0.661,0.0
else,0.687,0.675,0.777,0.742,0.0
fellow,0.686,0.544,0.458,0.711,0.0
making,0.685,0.647,0.674,0.692,0.0
west,0.684,0.15,0.477,0.0,0.0
continued,0.683,0.656,0.658,0.735,0.875
poor,0.682,0.865,0.546,0.783,0.0
fear,0.681,0.749,0.683,0.654,0.0
beside,0.68,0.595,0.0,0.0,0.833
blood,0.679,0.573,0.0,0.456,0.0
quick,0.678,0.0,0.687,0.728,0.0
women,0.677,0.0,0.48,0.564,0.0
que,0.676,0.896,0.895,0.954,0.994
sort,0.675,0.0,0.747,0.79,0.0
wind,0.674,0.735,0.62,0.813,0.0
stand,0.704,0.588,0.78,0.775,0.0
hours,0.672,0.47,0.801,0.0,0.0
glad,0.671,0.0,0.0,0.638,0.0
van,0.67,0.231,0.913,0.29,0.651
speak,0.669,0.725,0.605,0.754,0.0
stay,0.668,0.556,0.533,0.547,0.0
chief,0.667,0.511,0.276,0.528,0.548
second,0.666,0.721,0.834,0.727,0.0
became,0.665,0.756,0.762,0.633,0.0
exclaimed,0.664,0.0,0.0,0.816,0.0
game,0.663,0.0,0.0,0.486,0.0
smiled,0.662,0.0,0.0,0.0,0.0
gold,0.661,0.838,0.0,0.0,0.0
cabin,0.66,0.0,0.0,0.0,0.0
thousand,0.659,0.685,0.771,0.0,0.0
bed,0.658,0.771,0.56,0.714,0.0
walked,0.657,0.645,0.689,0.708,0.0
question,0.656,0.527,0.729,0.785,0.0
try,0.859,0.0,0.723,0.646,0.882
true,0.654,0.737,0.0,0.0,0.0
appeared,0.653,0.689,0.719,0.662,0.0
meet,0.652,0.571,0.0,0.616,0.0
foot,0.651,0.643,0.542,0.026,0.679
clear,0.65,0.557,0.694,0.626,0.0
quickly,0.649,0.0,0.687,0.728,0.0
window,0.648,0.684,0.62,0.813,0.0
used,0.647,0.695,0.47,0.685,0.879
reason,0.646,0.616,0.675,0.746,0.0
dollars,0.645,0.0,0.0,0.0,0.0
past,0.644,0.533,0.746,0.647,0.0
ahead,0.643,0.0,0.662,0.0,0.0
wait,0.642,0.0,0.648,0.658,0.0
distance,0.641,0.553,0.71,0.46,0.0
struck,0.64,0.0,0.589,0.584,0.0
taking,0.639,0.653,0.606,0.683,0.0
watched,0.638,0.0,0.676,0.0,0.0
moved,0.637,0.463,0.773,0.573,0.0
frank,0.636,0.0,0.593,0.297,0.754
brother,0.635,0.699,0.0,0.595,0.0
rock,0.634,0.532,0.63,0.0,0.269
broke,0.633,0.46,0.565,0.0,0.0
dropped,0.632,0.0,0.626,0.549,0.0
bring,0.631,0.763,0.0,0.631,0.0
read,0.763,0.665,0.824,0.765,0.888
suppose,0.629,0.522,0.677,0.803,0.0
sudden,0.838,0.755,0.869,0.597,0.0
either,0.627,0.6,0.736,0.668,0.878
range,0.711,0.753,0.8,0.376,0.0
return,0.803,0.746,0.668,0.799,0.0
opened,0.624,0.0,0.761,0.772,0.0
none,0.623,0.715,0.602,0.552,0.0
getting,0.622,0.432,0.681,0.63,0.0
shook,0.621,0.0,0.684,0.62,0.0
le,0.993,0.996,0.985,0.991,0.992
everything,0.619,0.708,0.781,0.736,0.0
blue,0.618,0.692,0.665,0.0,0.0
longer,0.617,0.68,0.669,0.572,0.0
manner,0.616,0.632,0.506,0.682,0.884
wish,0.615,0.754,0.57,0.762,0.442
happened,0.614,0.0,0.739,0.733,0.0
heavy,0.613,0.494,0.661,0.0,0.0
start,0.771,0.055,0.799,0.726,0.0
glance,0.611,0.118,0.507,0.596,0.0
party,0.61,0.0,0.0,0.491,0.0
standing,0.609,0.0,0.631,0.617,0.0
riding,0.608,0.0,0.0,0.0,0.0
sleep,0.607,0.741,0.592,0.0,0.0
really,0.606,0.0,0.816,0.817,0.0
easy,0.605,0.335,0.0,0.512,0.0
silent,0.604,0.45,0.563,0.507,0.0
instant,0.603,0.457,0.644,0.0,0.0
afraid,0.602,0.0,0.582,0.677,0.0
joe,0.601,0.0,0.659,0.194,0.519
hat,0.6,0.751,0.363,0.541,0.0
grew,0.599,0.747,0.548,0.0,0.0
ought,0.952,0.951,0.964,0.955,0.972
feeling,0.597,0.424,0.637,0.57,0.0
possible,0.596,0.549,0.785,0.767,0.0
large,0.595,0.77,0.772,0.0,0.0
fine,0.594,0.702,0.554,0.54,0.0
waiting,0.593,0.0,0.648,0.636,0.0
sir,0.592,0.773,0.786,0.926,0.948
bit,0.591,0.0,0.197,0.0,0.349
mouth,0.59,0.0,0.647,0.0,0.0
kill,0.589,0.0,0.0,0.0,0.0
shoulder,0.588,0.0,0.551,0.0,0.0
case,0.587,0.649,0.467,0.885,0.881
ago,0.586,0.48,0.672,0.68,0.857
wall,0.585,0.615,0.764,0.0,0.0
street,0.584,0.452,0.0,0.0,0.0
mountain,0.583,0.622,0.418,0.0,0.702
remember,0.582,0.578,0.699,0.743,0.0
figure,0.581,0.447,0.0,0.621,0.0
child,0.58,0.829,0.397,0.0,0.0
interest,0.579,0.233,0.502,0.659,0.0
comes,0.578,0.509,0.391,0.516,0.0
hills,0.577,0.215,0.0,0.0,0.0
late,0.776,0.479,0.813,0.794,0.671
carried,0.575,0.728,0.621,0.588,0.0
desert,0.574,0.242,0.0,0.0,0.0
lot,0.573,0.16,0.0,0.42,0.63
evening,0.572,0.72,0.528,0.755,0.0
maybe,0.571,0.0,0.0,0.0,0.0
running,0.57,0.0,0.572,0.0,0.0
showed,0.569,0.0,0.599,0.586,0.0
stop,0.736,0.0,0.778,0.657,0.0
real,0.606,0.482,0.816,0.817,0.0
live,0.566,0.723,0.638,0.538,0.0
gray,0.565,0.21,0.371,0.0,0.452
mountains,0.564,0.403,0.418,0.0,0.702
killed,0.563,0.0,0.0,0.0,0.0
edge,0.562,0.302,0.586,0.442,0.0
meant,0.561,0.0,0.52,0.487,0.0
trying,0.56,0.0,0.72,0.591,0.0
plain,0.559,0.128,0.422,0.557,0.0
yuh,0.558,0.0,0.0,0.0,0.0
save,0.557,0.639,0.562,0.571,0.0
except,0.556,0.517,0.654,0.503,0.851
laid,0.555,0.0,0.351,0.494,0.0
play,0.554,0.0,0.0,0.22,0.812
minute,0.695,0.354,0.819,0.786,0.0
idea,0.552,0.493,0.752,0.753,0.0
train,0.551,0.0,0.0,0.601,0.0
order,0.55,0.61,0.0,0.622,0.862
son,0.646,0.954,0.744,0.864,0.942
dog,0.548,0.0,0.284,0.0,0.0
able,0.722,0.697,0.774,0.822,0.871
chair,0.546,0.0,0.627,0.0,0.0
watch,0.638,0.0,0.676,0.499,0.0
bob,0.544,0.0,0.0,0.472,0.568
thinking,0.543,0.564,0.0,0.589,0.0
happy,0.542,0.701,0.0,0.443,0.0
soft,0.541,0.491,0.483,0.0,0.0
wonder,0.54,0.586,0.566,0.599,0.0
pay,0.539,0.0,0.0,0.539,0.0
free,0.538,0.498,0.0,0.413,0.0
broken,0.537,0.46,0.538,0.0,0.0
present,0.536,0.66,0.617,0.7,0.889
indeed,0.535,0.843,0.649,0.749,0.912
doubt,0.534,0.537,0.61,0.75,0.0
direction,0.533,0.0,0.635,0.0,0.0
girls,0.532,0.0,0.0,0.739,0.0
breath,0.531,0.393,0.523,0.469,0.0
outside,0.53,0.0,0.732,0.619,0.0
wide,0.529,0.497,0.0,0.0,0.116
floor,0.528,0.554,0.766,0.731,0.0
entered,0.527,0.71,0.587,0.74,0.0
dear,0.526,0.837,0.0,0.804,0.0
knows,0.525,0.371,0.0,0.0,0.0
billy,0.524,0.199,0.0,0.0,0.674
että,0.523,0.809,0.735,0.453,0.0
filled,0.522,0.591,0.569,0.0,0.0
fingers,0.521,0.0,0.549,0.0,0.0
deal,0.52,0.0,0.0,0.527,0.0
pass,0.83,0.81,0.817,0.809,0.905
change,0.518,0.487,0.595,0.51,0.856
raised,0.517,0.0,0.547,0.0,0.0
often,0.516,0.669,0.49,0.0,0.0
fall,0.515,0.583,0.517,0.39,0.0
threw,0.514,0.0,0.0,0.463,0.0
quiet,0.513,0.367,0.493,0.561,0.0
hot,0.791,0.0,0.639,0.614,0.0
neither,0.511,0.6,0.541,0.473,0.863
law,0.51,0.0,0.0,0.0,0.558
hill,0.577,0.215,0.383,0.195,0.434
early,0.508,0.516,0.641,0.551,0.0
top,0.736,0.0,0.778,0.657,0.0
nodded,0.506,0.0,0.695,0.576,0.0
presently,0.505,0.0,0.535,0.441,0.0
whether,0.504,0.605,0.609,0.663,0.0
dick,0.503,0.0,0.161,0.526,0.688
closed,0.502,0.0,0.651,0.0,0.0
laugh,0.766,0.641,0.0,0.684,0.0
different,0.5,0.49,0.656,0.0,0.86
dan,0.499,0.309,0.525,0.798,0.574
means,0.498,0.596,0.666,0.645,0.869
become,0.497,0.672,0.664,0.575,0.0
finally,0.496,0.0,0.667,0.0,0.0
seem,0.942,0.887,0.946,0.934,0.0
nearly,0.494,0.516,0.641,0.551,0.0
sense,0.493,0.349,0.618,0.0,0.0
bear,0.492,0.67,0.052,0.0,0.234
colonel,0.491,0.0,0.479,0.502,0.0
spring,0.49,0.408,0.0,0.0,0.0
smoke,0.489,0.0,0.431,0.0,0.0
surprise,0.488,0.0,0.332,0.602,0.0
shoulders,0.487,0.0,0.0,0.0,0.0
watching,0.486,0.0,0.53,0.499,0.0
beautiful,0.485,0.872,0.0,0.0,0.0
judge,0.484,0.0,0.0,0.0,0.0
attention,0.483,0.363,0.614,0.609,0.0
spot,0.482,0.37,0.513,0.0,0.794
send,0.481,0.0,0.0,0.524,0.0
stranger,0.48,0.0,0.0,0.376,0.0
truth,0.479,0.599,0.512,0.706,0.0
follow,0.809,0.714,0.734,0.771,0.0
move,0.637,0.463,0.773,0.573,0.0
waited,0.476,0.0,0.522,0.478,0.0
afternoon,0.475,0.0,0.379,0.611,0.0
lifted,0.474,0.0,0.0,0.0,0.0
turning,0.473,0.0,0.446,0.558,0.0
talking,0.472,0.0,0.0,0.553,0.0
herd,0.471,0.0,0.0,0.0,0.0
darkness,0.47,0.407,0.594,0.0,0.0
crowd,0.469,0.169,0.0,0.0,0.0
luck,0.468,0.0,0.0,0.235,0.0
corner,0.467,0.0,0.469,0.624,0.0
following,0.466,0.507,0.486,0.0,0.0
step,0.465,0.42,0.561,0.523,0.561
certainly,0.464,0.0,0.0,0.752,0.0
stepped,0.463,0.0,0.561,0.0,0.0
hänen,0.462,0.732,0.0,0.0,0.908
fool,0.461,0.17,0.0,0.359,0.0
sky,0.46,0.55,0.68,0.0,0.0
mighty,0.459,0.343,0.424,0.0,0.0
hurt,0.458,0.0,0.0,0.197,0.0
remained,0.457,0.523,0.0,0.0,0.0
bar,0.456,0.0,0.461,0.032,0.729
soul,0.455,0.587,0.465,0.0,0.0
th,0.956,0.976,0.966,0.98,0.974
seems,0.453,0.381,0.531,0.634,0.0
quietly,0.452,0.0,0.454,0.561,0.0
dry,0.451,0.0,0.149,0.0,0.0
car,0.73,0.728,0.714,0.664,0.67
wrong,0.449,0.299,0.0,0.545,0.0
tone,0.448,0.663,0.556,0.605,0.508
saying,0.447,0.0,0.0,0.565,0.0
daughter,0.446,0.836,0.0,0.0,0.0
shoot,0.445,0.0,0.0,0.0,0.0
safe,0.444,0.0,0.0,0.0,0.0
strength,0.443,0.428,0.0,0.0,0.0
danger,0.442,0.309,0.525,0.45,0.0
cry,0.441,0.0,0.396,0.0,0.0
human,0.44,0.552,0.836,0.0,0.0
un,0.937,0.962,0.938,0.949,0.944
spirit,0.438,0.444,0.388,0.0,0.0
et,0.98,0.98,0.984,0.981,0.993
pulled,0.436,0.0,0.0,0.404,0.0
reach,0.798,0.78,0.81,0.703,0.0
power,0.434,0.682,0.851,0.458,0.866
looks,0.433,0.124,0.0,0.457,0.0
walk,0.657,0.645,0.689,0.708,0.0
changed,0.431,0.487,0.0,0.43,0.764
pete,0.43,0.398,0.018,0.344,0.837
job,0.429,0.0,0.0,0.0,0.0
green,0.428,0.722,0.663,0.105,0.0
fair,0.427,0.793,0.0,0.52,0.0
dust,0.426,0.052,0.291,0.0,0.0
fast,0.425,0.671,0.591,0.0,0.0
dozen,0.424,0.0,0.0,0.0,0.0
position,0.423,0.145,0.0,0.615,0.0
sitting,0.422,0.619,0.439,0.48,0.0
break,0.421,0.338,0.109,0.336,0.0
instead,0.42,0.0,0.575,0.0,0.0
whatever,0.419,0.467,0.0,0.515,0.0
drink,0.418,0.577,0.0,0.0,0.0
whispered,0.417,0.377,0.0,0.0,0.0
sign,0.416,0.0,0.0,0.384,0.0
glanced,0.415,0.0,0.507,0.514,0.0
worth,0.414,0.031,0.0,0.47,0.0
john,0.413,0.489,0.474,0.382,0.901
inside,0.412,0.0,0.698,0.532,0.0
expression,0.411,0.156,0.471,0.497,0.0
master,0.41,0.776,0.567,0.0,0.0
news,0.409,0.0,0.0,0.529,0.0
bud,0.408,0.0,0.0,0.0,0.3
forget,0.407,0.348,0.0,0.0,0.0
goes,0.406,0.0,0.0,0.316,0.0
forth,0.405,0.727,0.0,0.0,0.0
probably,0.404,0.0,0.693,0.618,0.843
reply,0.403,0.301,0.0,0.582,0.0
thoughts,0.402,0.4,0.559,0.0,0.0
makes,0.401,0.0,0.0,0.0,0.0
fresh,0.4,0.345,0.248,0.319,0.0
lead,0.399,0.192,0.184,0.275,0.0
carry,0.398,0.0,0.0,0.0,0.0
lived,0.397,0.723,0.393,0.0,0.0
terrible,0.396,0.534,0.526,0.509,0.0
note,0.395,0.593,0.503,0.587,0.774
listen,0.394,0.334,0.408,0.0,0.0
yellow,0.393,0.442,0.0,0.0,0.0
swung,0.392,0.0,0.0,0.0,0.0
covered,0.391,0.379,0.504,0.0,0.0
explained,0.39,0.128,0.0,0.557,0.0
latter,0.389,0.226,0.0,0.0,0.798
dave,0.388,0.0,0.0,0.362,0.0
declared,0.387,0.0,0.0,0.676,0.0
length,0.386,0.624,0.482,0.278,0.0
please,0.385,0.548,0.043,0.581,0.0
holding,0.384,0.254,0.419,0.339,0.0
hardly,0.383,0.0,0.0,0.531,0.0
slipped,0.382,0.0,0.216,0.0,0.0
paper,0.381,0.34,0.0,0.757,0.0
loved,0.38,0.566,0.0,0.0,0.0
living,0.379,0.504,0.611,0.471,0.0
died,0.378,0.528,0.508,0.0,0.0
jean,0.377,0.0,0.0,0.092,0.775
hit,0.901,0.87,0.843,0.0,0.701
johnny,0.375,0.0,0.313,0.382,0.599
à,0.374,0.0,0.0,0.963,0.0
stared,0.373,0.0,0.652,0.0,0.0
beat,0.372,0.0,0.0,0.0,0.0
force,0.371,0.352,0.742,0.415,0.0
sand,0.659,0.685,0.771,0.0,0.61
loose,0.369,0.0,0.259,0.0,0.0
rough,0.841,0.866,0.812,0.826,0.914
seeing,0.367,0.0,0.37,0.495,0.0
pocket,0.366,0.0,0.0,0.423,0.0
stock,0.365,0.0,0.0,0.0,0.0
les,0.779,0.611,0.806,0.905,0.958
shadow,0.363,0.355,0.384,0.386,0.0
decided,0.362,0.0,0.0,0.0,0.0
tall,0.361,0.413,0.0,0.409,0.25
teeth,0.36,0.0,0.0,0.0,0.0
suggested,0.359,0.011,0.28,0.554,0.0
lying,0.358,0.486,0.406,0.435,0.0
jest,0.357,0.604,0.2,0.0,0.0
war,0.894,0.764,0.883,0.697,0.887
beneath,0.355,0.525,0.619,0.0,0.0
placed,0.354,0.519,0.459,0.0,0.0
learned,0.353,0.416,0.0,0.0,0.0
paused,0.352,0.0,0.47,0.0,0.0
talked,0.351,0.0,0.0,0.0,0.0
tired,0.35,0.0,0.244,0.0,0.0
sorry,0.349,0.0,0.0,0.479,0.0
remarked,0.348,0.0,0.0,0.699,0.0
throat,0.347,0.0,0.0,0.0,0.0
fifty,0.346,0.0,0.491,0.0,0.0
evidently,0.345,0.0,0.466,0.578,0.805
unless,0.344,0.281,0.0,0.464,0.0
excitement,0.343,0.0,0.0,0.424,0.0
swiftly,0.342,0.0,0.401,0.0,0.0
bright,0.341,0.581,0.481,0.0,0.0
companion,0.34,0.0,0.0,0.449,0.0
form,0.339,0.612,0.622,0.49,0.839
act,0.729,0.526,0.787,0.835,0.892
besides,0.337,0.383,0.0,0.0,0.833
beginning,0.336,0.316,0.518,0.35,0.0
softly,0.335,0.0,0.0,0.0,0.0
fallen,0.334,0.394,0.32,0.0,0.0
finished,0.333,0.0,0.0,0.0,0.0
repeated,0.332,0.296,0.353,0.488,0.0
shut,0.331,0.464,0.0,0.371,0.0
purpose,0.33,0.331,0.0,0.44,0.0
hung,0.329,0.506,0.0,0.0,0.0
merely,0.328,0.137,0.0,0.418,0.0
slow,0.792,0.563,0.832,0.724,0.0
storm,0.326,0.069,0.0,0.0,0.0
pointed,0.325,0.0,0.0,0.0,0.0
desire,0.324,0.56,0.324,0.0,0.0
sit,0.423,0.619,0.439,0.615,0.848
spite,0.322,0.0,0.243,0.0,0.814
somewhere,0.321,0.0,0.475,0.0,0.0
gets,0.32,0.0,0.0,0.0,0.0
necessary,0.319,0.181,0.0,0.508,0.0
swept,0.318,0.0,0.0,0.0,0.0
breakfast,0.317,0.0,0.109,0.0,0.0
rider,0.316,0.0,0.0,0.0,0.0
steps,0.315,0.42,0.441,0.523,0.0
person,0.314,0.625,0.0,0.756,0.0
worked,0.313,0.0,0.0,0.0,0.0
action,0.312,0.0,0.0,0.308,0.0
carefully,0.311,0.0,0.543,0.0,0.0
leaned,0.31,0.0,0.0,0.288,0.0
touch,0.309,0.263,0.487,0.348,0.0
joy,0.308,0.681,0.003,0.079,0.0
lie,0.846,0.89,0.807,0.893,0.68
moments,0.306,0.0,0.341,0.389,0.0
effort,0.305,0.0,0.429,0.375,0.0
tears,0.304,0.652,0.0,0.0,0.0
nobody,0.303,0.0,0.0,0.0,0.0
scene,0.302,0.084,0.0,0.425,0.0
aside,0.301,0.0,0.0,0.294,0.0
muttered,0.3,0.0,0.0,0.0,0.0
faces,0.299,0.266,0.398,0.0,0.0
rolled,0.298,0.189,0.0,0.0,0.0
observed,0.297,0.288,0.355,0.468,0.813
square,0.296,0.0,0.0,0.0,0.0
leaped,0.295,0.0,0.0,0.0,0.0
crossed,0.294,0.0,0.254,0.311,0.0
clean,0.293,0.0,0.0,0.0,0.0
circle,0.292,0.0,0.314,0.0,0.0
single,0.291,0.418,0.0,0.0,0.0
picture,0.29,0.0,0.193,0.0,0.0
smiling,0.289,0.107,0.0,0.0,0.0
received,0.288,0.453,0.389,0.53,0.844
catch,0.287,0.0,0.229,0.391,0.0
thank,0.286,0.0,0.0,0.438,0.0
remembered,0.285,0.265,0.432,0.0,0.0
easily,0.284,0.366,0.438,0.426,0.0
settled,0.283,0.0,0.0,0.263,0.0
sick,0.282,0.0,0.0,0.0,0.0
gaze,0.281,0.153,0.182,0.0,0.0
believed,0.28,0.0,0.0,0.0,0.0
knife,0.279,0.0,0.0,0.0,0.0
revolver,0.278,0.0,0.0,0.0,0.0
claim,0.664,0.0,0.0,0.816,0.0
expect,0.276,0.0,0.0,0.5,0.0
offered,0.275,0.14,0.0,0.0,0.0
faint,0.274,0.039,0.387,0.0,0.0
casey,0.273,0.0,0.0,0.0,0.0
guard,0.272,0.0,0.0,0.0,0.0
rising,0.271,0.0,0.395,0.0,0.0
paid,0.27,0.0,0.0,0.0,0.0
ah,0.643,0.562,0.662,0.637,0.598
conversation,0.268,0.18,0.0,0.548,0.0
impossible,0.267,0.322,0.596,0.517,0.0
speaking,0.266,0.321,0.0,0.432,0.0
enemy,0.265,0.0,0.358,0.0,0.0
peter,0.264,0.398,0.018,0.344,0.837
simply,0.263,0.037,0.0,0.448,0.0
draw,0.262,0.205,0.296,0.0,0.0
happen,0.614,0.0,0.739,0.733,0.0
lord,0.26,0.805,0.472,0.56,0.0
gathered,0.259,0.0,0.0,0.0,0.0
discovered,0.258,0.379,0.504,0.0,0.0
instantly,0.257,0.0,0.36,0.0,0.0
twice,0.256,0.0,0.214,0.0,0.0
captain,0.255,0.0,0.83,0.594,0.852
apparently,0.254,0.0,0.489,0.0,0.0
lose,0.824,0.687,0.795,0.0,0.0
pain,0.252,0.314,0.45,0.0,0.491
blow,0.251,0.332,0.0,0.279,0.0
sharply,0.25,0.0,0.188,0.25,0.0
drawn,0.249,0.205,0.296,0.0,0.0
forgotten,0.248,0.357,0.0,0.0,0.0
fixed,0.247,0.0,0.0,0.341,0.808
swift,0.342,0.0,0.401,0.0,0.0
rich,0.245,0.541,0.0,0.0,0.786
ne,0.999,0.998,0.998,0.999,0.997
legs,0.243,0.0,0.0,0.0,0.0
devil,0.242,0.148,0.0,0.0,0.0
fired,0.241,0.0,0.237,0.0,0.0
immediately,0.24,0.594,0.555,0.0,0.829
places,0.239,0.0,0.33,0.0,0.0
knees,0.238,0.0,0.199,0.0,0.0
color,0.237,0.0,0.24,0.0,0.0
touched,0.236,0.0,0.468,0.0,0.0
pale,0.235,0.303,0.373,0.0,0.0
buck,0.234,0.0,0.0,0.0,0.0
needed,0.233,0.0,0.0,0.0,0.0
eh,0.89,0.824,0.881,0.83,0.0
drop,0.632,0.018,0.626,0.549,0.0
promise,0.23,0.0,0.0,0.352,0.0
noticed,0.229,0.0,0.433,0.475,0.0
trust,0.228,0.053,0.0,0.397,0.0
silver,0.227,0.664,0.0,0.0,0.0
thin,0.956,0.923,0.966,0.98,0.974
tent,0.483,0.363,0.614,0.609,0.0
thick,0.224,0.0,0.451,0.0,0.0
throw,0.223,0.136,0.0,0.18,0.0
king,0.843,0.99,0.818,0.844,0.91
cross,0.871,0.227,0.864,0.788,0.0
attempt,0.22,0.033,0.4,0.0,0.0
grinned,0.219,0.0,0.0,0.0,0.0
perfectly,0.218,0.0,0.427,0.0,0.827
cool,0.217,0.0,0.0,0.0,0.0
hate,0.419,0.467,0.0,0.515,0.0
hall,0.826,0.96,0.858,0.909,0.964
growing,0.214,0.171,0.325,0.0,0.0
natural,0.213,0.232,0.0,0.346,0.0
meeting,0.212,0.0,0.0,0.326,0.0
coat,0.211,0.0,0.0,0.0,0.0
fighting,0.21,0.0,0.0,0.0,0.0
kid,0.209,0.0,0.0,0.0,0.0
surprised,0.208,0.0,0.332,0.455,0.0
plan,0.207,0.0,0.452,0.38,0.0
cheeks,0.206,0.0,0.0,0.0,0.0
bullet,0.205,0.0,0.0,0.0,0.0
speech,0.204,0.0,0.0,0.16,0.0
clothes,0.203,0.0,0.0,0.42,0.0
ear,0.922,0.942,0.944,0.915,0.922
stage,0.201,0.0,0.0,0.0,0.0
simple,0.2,0.172,0.0,0.0,0.0
passing,0.199,0.0,0.309,0.331,0.0
everybody,0.198,0.0,0.0,0.0,0.0
broad,0.197,0.0,0.0,0.0,0.0
ways,0.875,0.857,0.849,0.86,0.0
wants,0.195,0.0,0.0,0.0,0.0
empty,0.194,0.0,0.44,0.0,0.0
movement,0.193,0.0,0.381,0.198,0.0
wore,0.192,0.267,0.0,0.0,0.0
hurried,0.191,0.0,0.0,0.396,0.0
ben,0.355,0.525,0.619,0.333,0.0
working,0.189,0.0,0.0,0.0,0.0
moon,0.188,0.614,0.713,0.0,0.0
helen,0.187,0.0,0.094,0.324,0.753
hij,0.186,0.0,0.74,0.0,0.0
therefore,0.185,0.655,0.0,0.0,0.0
forced,0.184,0.12,0.402,0.266,0.0
joan,0.183,0.0,0.0,0.0,0.555
burst,0.182,0.241,0.361,0.0,0.0
opposite,0.181,0.0,0.279,0.0,0.0
cause,0.18,0.529,0.462,0.421,0.233
smith,0.179,0.0,0.445,0.196,0.0
lee,0.607,0.741,0.592,0.325,0.0
pack,0.177,0.0,0.0,0.0,0.0
grave,0.176,0.273,0.101,0.246,0.406
path,0.175,0.409,0.349,0.295,0.467
third,0.174,0.585,0.0,0.328,0.0
speed,0.173,0.0,0.646,0.0,0.0
spread,0.172,0.0,0.399,0.0,0.745
building,0.171,0.0,0.634,0.0,0.0
piece,0.17,0.483,0.295,0.393,0.035
entirely,0.169,0.224,0.444,0.0,0.0
built,0.168,0.0,0.473,0.0,0.693
shadows,0.167,0.064,0.22,0.0,0.0
flung,0.166,0.03,0.0,0.0,0.0
pleasure,0.165,0.492,0.0,0.0,0.0
gently,0.164,0.173,0.0,0.0,0.0
guns,0.163,0.0,0.0,0.0,0.0
played,0.162,0.0,0.0,0.22,0.0
interrupted,0.161,0.0,0.0,0.403,0.0
beauty,0.16,0.713,0.0,0.0,0.0
appearance,0.159,0.304,0.367,0.0,0.0
des,0.574,0.899,0.324,0.837,0.936
effect,0.157,0.204,0.0,0.37,0.0
tied,0.156,0.0,0.0,0.0,0.0
serious,0.155,0.0,0.0,0.364,0.0
leading,0.154,0.0,0.177,0.227,0.0
wished,0.153,0.495,0.0,0.0,0.0
pushed,0.152,0.0,0.0,0.0,0.0
keeping,0.151,0.0,0.166,0.305,0.0
wolf,0.15,0.0,0.0,0.0,0.0
hurry,0.149,0.0,0.0,0.243,0.0
notice,0.229,0.0,0.433,0.475,0.0
brave,0.147,0.0,0.0,0.0,0.0
glass,0.146,0.0,0.584,0.0,0.145
tongue,0.145,0.24,0.0,0.0,0.76
gentle,0.144,0.206,0.075,0.625,0.0
breast,0.143,0.339,0.0,0.0,0.0
steady,0.142,0.0,0.143,0.0,0.0
ted,0.771,0.296,0.799,0.73,0.634
opening,0.14,0.0,0.463,0.0,0.0
coffee,0.139,0.0,0.0,0.0,0.0
kitchen,0.138,0.0,0.009,0.0,0.0
saved,0.137,0.0,0.0,0.0,0.0
failed,0.136,0.0,0.0,0.0,0.0
flash,0.135,0.0,0.264,0.0,0.0
spoken,0.134,0.286,0.0,0.0,0.824
voices,0.133,0.0,0.0,0.0,0.0
spent,0.132,0.0,0.255,0.0,0.0
dance,0.131,0.0,0.0,0.007,0.0
keen,0.13,0.0,0.0,0.162,0.0
hunt,0.129,0.0,0.0,0.0,0.0
subject,0.128,0.201,0.0,0.429,0.557
group,0.127,0.0,0.0,0.0,0.0
middle,0.126,0.454,0.0,0.0,0.0
staring,0.125,0.0,0.417,0.232,0.0
gang,0.124,0.0,0.0,0.0,0.0
anger,0.48,0.309,0.525,0.45,0.0
pair,0.122,0.059,0.0,0.281,0.0
questions,0.121,0.0,0.0,0.493,0.0
bull,0.205,0.0,0.0,0.0,0.0
george,0.119,0.0,0.529,0.185,0.849
thrown,0.118,0.136,0.0,0.0,0.0
harry,0.117,0.0,0.275,0.356,0.769
awful,0.116,0.0,0.192,0.0,0.0
il,0.949,0.946,0.97,0.933,0.961
pleasant,0.114,0.0,0.0,0.28,0.0
common,0.113,0.305,0.0,0.0,0.818
promised,0.112,0.0,0.0,0.0,0.0
memory,0.111,0.127,0.394,0.0,0.0
wounded,0.11,0.0,0.0,0.0,0.0
sheriff,0.109,0.0,0.0,0.0,0.0
flashed,0.108,0.0,0.264,0.0,0.0
main,0.457,0.523,0.0,0.361,0.79
sides,0.337,0.383,0.0,0.0,0.833
laughing,0.105,0.0,0.0,0.0,0.0
relief,0.104,0.0,0.18,0.24,0.0
honest,0.103,0.0,0.0,0.0,0.0
recognized,0.102,0.0,0.156,0.236,0.0
hesitated,0.101,0.0,0.0,0.296,0.0
blanket,0.1,0.0,0.0,0.0,0.0
offer,0.275,0.14,0.0,0.23,0.0
dream,0.098,0.546,0.0,0.0,0.0
gordon,0.097,0.0,0.004,0.0,0.414
strike,0.096,0.0,0.0,0.0,0.0
exactly,0.095,0.0,0.0,0.511,0.0
mr,0.094,0.0,0.323,0.669,0.847
morgan,0.093,0.0,0.0,0.0,0.0
listening,0.092,0.0,0.0,0.0,0.0
begin,0.336,0.316,0.518,0.35,0.0
rise,0.488,0.237,0.332,0.602,0.738
steadily,0.089,0.0,0.067,0.0,0.0
shooting,0.088,0.0,0.0,0.0,0.0
evidence,0.087,0.0,0.0,0.628,0.0
brain,0.086,0.0,0.578,0.0,0.0
jeff,0.085,0.0,0.0,0.0,0.345
cover,0.391,0.379,0.504,0.306,0.0
prove,0.083,0.0,0.0,0.427,0.756
fairly,0.082,0.0,0.0,0.0,0.0
rush,0.081,0.0,0.287,0.0,0.0
interested,0.08,0.0,0.0,0.0,0.0
allowed,0.079,0.0,0.0,0.0,0.0
dress,0.078,0.0,0.0,0.357,0.0
admitted,0.077,0.0,0.0,0.461,0.0
andy,0.076,0.0,0.0,0.048,0.281
lad,0.671,0.86,0.0,0.868,0.952
calm,0.074,0.0,0.0,0.121,0.0
pride,0.073,0.0,0.0,0.0,0.0
cast,0.072,0.473,0.0,0.0,0.133
fashion,0.071,0.19,0.0,0.0,0.0
skin,0.07,0.0,0.0,0.209,0.0
angry,0.069,0.0,0.0,0.0,0.0
murmured,0.068,0.0,0.0,0.501,0.0
laughter,0.067,0.057,0.0,0.0,0.0
rage,0.066,0.0,0.0,0.15,0.0
battle,0.065,0.0,0.0,0.0,0.0
heaven,0.064,0.524,0.179,0.0,0.0
stick,0.063,0.0,0.0,0.0,0.0
meaning,0.062,0.082,0.0,0.0,0.0
eagerly,0.061,0.0,0.0,0.32,0.0
lives,0.06,0.0,0.0,0.0,0.0
closer,0.059,0.0,0.271,0.0,0.0
ford,0.058,0.0,0.0,0.0,0.213
eight,0.057,0.068,0.0,0.0,0.0
attack,0.056,0.0,0.516,0.0,0.0
thrust,0.055,0.0,0.0,0.0,0.0
du,0.426,0.077,0.291,0.825,0.916
iron,0.053,0.373,0.0,0.0,0.0
warning,0.052,0.0,0.0,0.0,0.0
confidence,0.051,0.0,0.0,0.33,0.0
asleep,0.05,0.0,0.04,0.0,0.0
approached,0.049,0.0,0.0,0.0,0.0
sake,0.048,0.0,0.0,0.284,0.0
steve,0.047,0.0,0.0,0.0,0.0
thirty,0.046,0.0,0.0,0.0,0.0
wound,0.11,0.0,0.0,0.051,0.0
aware,0.044,0.0,0.368,0.0,0.0
mere,0.328,0.137,0.247,0.418,0.0
intended,0.042,0.0,0.137,0.0,0.0
und,0.924,0.962,0.938,0.949,0.944
shirt,0.04,0.0,0.0,0.0,0.0
queer,0.039,0.0,0.086,0.0,0.0
harris,0.038,0.0,0.0,0.0,0.0
weight,0.037,0.0,0.0,0.0,0.0
doorway,0.036,0.0,0.15,0.0,0.0
takes,0.035,0.0,0.0,0.0,0.0
greater,0.034,0.271,0.449,0.102,0.787
faced,0.033,0.0,0.0,0.0,0.0
ruth,0.479,0.599,0.512,0.706,0.758
mark,0.348,0.0,0.357,0.699,0.0
frightened,0.03,0.0,0.117,0.0,0.0
falling,0.029,0.116,0.3,0.021,0.0
jane,0.028,0.071,0.0,0.181,0.785
abruptly,0.027,0.0,0.31,0.0,0.0
song,0.026,0.419,0.0,0.0,0.0
perfect,0.218,0.236,0.427,0.0,0.827
welcome,0.024,0.211,0.0,0.0,0.0
finger,0.521,0.0,0.549,0.0,0.0
billie,0.022,0.0,0.0,0.063,0.0
prepared,0.021,0.0,0.0,0.355,0.0
pierre,0.02,0.0,0.0,0.0,0.448
sounds,0.019,0.0,0.333,0.0,0.0
une,0.018,0.851,0.0,0.831,0.162
directly,0.017,0.026,0.413,0.286,0.0
passion,0.016,0.214,0.0,0.0,0.0
murder,0.015,0.0,0.0,0.678,0.0
fought,0.014,0.0,0.0,0.0,0.0
fully,0.311,0.0,0.543,0.122,0.0
silently,0.012,0.0,0.095,0.0,0.0
considered,0.011,0.028,0.0,0.0,0.793
rushed,0.01,0.0,0.287,0.0,0.0
lighted,0.009,0.0,0.0,0.178,0.0
fortune,0.008,0.0,0.0,0.0,0.0
wise,0.007,0.539,0.0,0.117,0.0
fat,0.909,0.925,0.722,0.895,0.927
rested,0.08,0.0,0.0,0.0,0.0
mabel,0.004,0.0,0.0,0.0,0.673
evil,0.242,0.508,0.0,0.0,0.0
hunting,0.002,0.0,0.0,0.0,0.0
wade,0.001,0.0,0.0,0.0,0.469
thou,0.952,0.976,0.964,0.955,0.972
thee,0.0,0.957,0.0,0.0,0.0
der,0.704,0.944,0.932,0.775,0.902
prince,0.0,0.935,0.269,0.0,0.65
thy,0.0,0.933,0.0,0.201,0.809
mother,0.0,0.903,0.0,0.0,0.92
te,0.95,0.936,0.904,0.965,0.9
queen,0.0,0.882,0.0,0.0,0.0
wife,0.0,0.876,0.499,0.0,0.876
round,0.915,0.868,0.938,0.758,0.0
lady,0.0,0.86,0.0,0.868,0.952
palace,0.0,0.852,0.0,0.0,0.0
sie,0.0,0.835,0.0,0.583,0.886
και,0.0,0.831,0.0,0.0,0.811
city,0.0,0.823,0.66,0.0,0.0
sea,0.0,0.822,0.757,0.498,0.0
fn,0.0,0.82,0.0,0.0,0.0
mutta,0.0,0.815,0.0,0.368,0.0
land,0.0,0.814,0.796,0.049,0.219
niin,0.0,0.804,0.629,0.327,0.0
ei,0.627,0.796,0.736,0.668,0.878
fairy,0.0,0.793,0.0,0.0,0.0
tree,0.584,0.791,0.564,0.036,0.0
thus,0.0,0.79,0.601,0.0,0.0
illustration,0.0,0.789,0.0,0.0,0.165
earth,0.0,0.775,0.944,0.0,0.0
princess,0.0,0.765,0.0,0.0,0.0
och,0.0,0.759,0.133,0.0,0.707
hundred,0.0,0.752,0.857,0.0,0.0
hath,0.0,0.751,0.0,0.0,0.0
να,0.0,0.738,0.0,0.0,0.78
forest,0.0,0.731,0.11,0.0,0.0
golden,0.0,0.73,0.0,0.0,0.0
towards,0.0,0.724,0.0,0.629,0.887
kuin,0.0,0.717,0.0,0.143,0.0
art,0.892,0.897,0.944,0.828,0.918
trees,0.0,0.711,0.564,0.0,0.0
kun,0.0,0.704,0.0,0.0,0.075
bird,0.0,0.703,0.191,0.0,0.0
minä,0.0,0.698,0.544,0.0,0.0
garden,0.0,0.693,0.204,0.381,0.0
quoth,0.0,0.683,0.0,0.0,0.0
led,0.856,0.878,0.833,0.846,0.913
την,0.0,0.676,0.0,0.0,0.772
το,0.0,0.674,0.0,0.0,0.784
εις,0.0,0.668,0.0,0.0,0.588
stone,0.0,0.663,0.556,0.0,0.309
joka,0.0,0.662,0.0,0.0,0.0
al,0.903,0.96,0.897,0.909,0.964
youth,0.0,0.65,0.0,0.0,0.0
e,0.999,0.999,1.0,0.999,0.999
year,0.852,0.832,0.89,0.839,0.922
sen,0.725,0.76,0.618,0.7,0.889
est,0.804,0.784,0.775,0.785,0.915
river,0.0,0.636,0.51,0.0,0.0
hast,0.0,0.631,0.0,0.0,0.0
sword,0.0,0.627,0.0,0.0,0.0
several,0.0,0.623,0.733,0.709,0.842
sanoi,0.0,0.62,0.0,0.0,0.0
του,0.0,0.618,0.0,0.0,0.784
giant,0.0,0.617,0.257,0.0,0.0
flowers,0.0,0.608,0.0,0.058,0.0
nyt,0.863,0.769,0.877,0.896,0.0
majesty,0.0,0.604,0.2,0.0,0.0
birds,0.0,0.603,0.0,0.0,0.0
ye,0.989,0.959,0.977,0.966,0.957
footnote,0.0,0.593,0.0,0.0,0.679
tale,0.0,0.592,0.0,0.0,0.682
book,0.0,0.59,0.539,0.0,0.807
sweet,0.0,0.589,0.0,0.0,0.0
wonderful,0.0,0.586,0.435,0.0,0.0
seven,0.0,0.582,0.0,0.0,0.0
island,0.0,0.575,0.0,0.0,0.0
vain,0.0,0.574,0.0,0.0,0.0
company,0.0,0.568,0.0,0.536,0.0
kingdom,0.0,0.567,0.0,0.0,0.597
ring,0.631,0.763,0.417,0.631,0.0
grand,0.0,0.561,0.0,0.0,0.0
although,0.0,0.559,0.0,0.593,0.836
με,0.0,0.555,0.0,0.0,0.643
dorothy,0.0,0.551,0.0,0.201,0.534
lovely,0.0,0.545,0.0,0.0,0.0
sometimes,0.0,0.543,0.497,0.0,0.0
ceased,0.0,0.542,0.27,0.0,0.0
bade,0.0,0.535,0.0,0.0,0.0
boat,0.0,0.531,0.0,0.0,0.0
τον,0.0,0.53,0.0,0.0,0.7
olivat,0.0,0.521,0.0,0.0,0.0
á,0.0,0.52,0.171,0.0,0.0
nature,0.0,0.518,0.0,0.0,0.0
maiden,0.0,0.515,0.0,0.0,0.0
family,0.0,0.513,0.0,0.569,0.0
lion,0.0,0.51,0.0,0.0,0.602
chamber,0.0,0.503,0.0,0.0,0.0
tom,0.0,0.502,0.706,0.649,0.8
heads,0.0,0.501,0.346,0.0,0.0
ollut,0.0,0.5,0.0,0.0,0.0
di,0.708,0.972,0.975,0.617,0.937
wine,0.0,0.496,0.0,0.0,0.0
wings,0.0,0.488,0.0,0.0,0.0
fit,0.0,0.485,0.0,0.385,0.0
wilt,0.0,0.484,0.0,0.0,0.0
pieces,0.0,0.483,0.126,0.0,0.0
arrived,0.0,0.478,0.0,0.506,0.0
ears,0.852,0.832,0.89,0.839,0.922
secret,0.0,0.475,0.0,0.737,0.0
account,0.0,0.474,0.327,0.484,0.835
whilst,0.0,0.472,0.089,0.0,0.0
μου,0.0,0.471,0.0,0.0,0.535
kaikki,0.0,0.469,0.0,0.0,0.0
att,0.806,0.736,0.839,0.862,0.798
mitä,0.0,0.466,0.0,0.0,0.0
ο,0.0,0.674,0.0,0.0,0.784
grass,0.0,0.462,0.206,0.0,0.0
age,0.201,0.461,0.456,0.353,0.734
ii,0.0,0.804,0.629,0.327,0.773
walls,0.0,0.458,0.552,0.0,0.0
sitä,0.0,0.456,0.0,0.0,0.0
leaves,0.0,0.455,0.0,0.0,0.0
tales,0.0,0.451,0.0,0.0,0.0
presence,0.0,0.449,0.369,0.521,0.0
number,0.0,0.448,0.302,0.0,0.0
han,0.97,0.947,0.956,0.956,0.938
sillä,0.0,0.445,0.0,0.0,0.0
knight,0.0,0.443,0.0,0.0,0.834
lake,0.0,0.441,0.457,0.111,0.678
letter,0.0,0.44,0.222,0.0,0.9
scarcely,0.0,0.439,0.338,0.489,0.0
somewhat,0.0,0.438,0.363,0.444,0.0
married,0.0,0.437,0.0,0.0,0.0
fly,0.0,0.436,0.0,0.071,0.548
state,0.0,0.435,0.576,0.481,0.841
sang,0.0,0.434,0.0,0.0,0.114
music,0.0,0.429,0.174,0.0,0.0
από,0.0,0.427,0.0,0.0,0.618
sprang,0.0,0.426,0.21,0.0,0.0
τα,0.0,0.425,0.0,0.0,0.672
throne,0.0,0.423,0.0,0.0,0.0
village,0.0,0.422,0.294,0.34,0.126
thine,0.0,0.421,0.0,0.0,0.0
lo,0.972,0.963,0.972,0.952,0.967
sad,0.789,0.414,0.0,0.0,0.0
stones,0.0,0.412,0.063,0.0,0.0
olisi,0.0,0.411,0.0,0.0,0.0
sitten,0.0,0.406,0.0,0.0,0.0
arose,0.0,0.405,0.0,0.0,0.0
ze,0.424,0.404,0.532,0.291,0.223
slept,0.0,0.402,0.087,0.0,0.0
caliph,0.0,0.401,0.0,0.0,0.0
alas,0.0,0.399,0.0,0.0,0.0
shore,0.0,0.397,0.352,0.0,0.0
tarzan,0.0,0.396,0.0,0.0,0.0
της,0.0,0.395,0.0,0.0,0.762
surely,0.0,0.391,0.0,0.414,0.0
bound,0.0,0.39,0.0,0.0,0.0
mi,0.957,0.94,0.96,0.96,0.973
häntä,0.0,0.388,0.0,0.0,0.0
warm,0.0,0.387,0.318,0.0,0.0
seek,0.0,0.386,0.0,0.0,0.0
alice,0.0,0.385,0.0,0.0,0.531
general,0.0,0.384,0.583,0.0,0.854
usual,0.0,0.382,0.0,0.0,0.0
så,0.0,0.38,0.0,0.0,0.0
sin,0.831,0.797,0.86,0.836,0.923
disappeared,0.0,0.376,0.415,0.377,0.0
διά,0.0,0.375,0.0,0.0,0.049
huge,0.0,0.374,0.623,0.0,0.0
loud,0.0,0.372,0.359,0.0,0.0
una,0.0,0.365,0.121,0.129,0.0
behold,0.0,0.364,0.0,0.0,0.0
ole,0.794,0.834,0.84,0.793,0.909
doctor,0.0,0.36,0.724,0.808,0.0
delight,0.0,0.358,0.0,0.0,0.0
det,0.0,0.356,0.164,0.801,0.606
ha,0.97,0.96,0.956,0.956,0.964
singing,0.0,0.35,0.0,0.0,0.0
jos,0.0,0.347,0.0,0.0,0.628
afterwards,0.0,0.346,0.0,0.0,0.803
valley,0.0,0.344,0.0,0.0,0.75
sinä,0.0,0.342,0.0,0.0,0.0
ill,0.949,0.946,0.97,0.927,0.961
grow,0.214,0.337,0.325,0.0,0.0
iii,0.0,0.336,0.0,0.0,0.708
stream,0.0,0.333,0.305,0.0,0.0
vielä,0.0,0.33,0.0,0.0,0.0
bottom,0.0,0.329,0.412,0.0,0.0
som,0.928,0.856,0.957,0.938,0.0
bride,0.0,0.327,0.0,0.0,0.0
condition,0.0,0.326,0.266,0.0,0.0
fate,0.0,0.325,0.0,0.0,0.0
written,0.0,0.324,0.0,0.0,0.82
curious,0.0,0.323,0.366,0.419,0.0
η,0.0,0.676,0.0,0.0,0.772
mistress,0.0,0.319,0.0,0.0,0.0
grief,0.0,0.318,0.0,0.0,0.0
knowing,0.0,0.317,0.0,0.351,0.0
ich,0.245,0.541,0.0,0.005,0.859
minun,0.0,0.313,0.0,0.0,0.0
silloin,0.0,0.312,0.0,0.0,0.0
search,0.0,0.311,0.316,0.498,0.0
sing,0.291,0.418,0.395,0.331,0.0
happiness,0.0,0.308,0.0,0.13,0.0
ancient,0.0,0.307,0.343,0.029,0.765
iv,0.899,0.91,0.87,0.899,0.899
knowledge,0.0,0.302,0.545,0.442,0.0
scarecrow,0.0,0.3,0.0,0.0,0.0
shone,0.0,0.298,0.03,0.0,0.0
jewels,0.0,0.297,0.0,0.0,0.0
unto,0.0,0.295,0.0,0.0,0.0
children,0.0,0.294,0.397,0.0,0.0
noble,0.0,0.293,0.0,0.0,0.368
caused,0.0,0.292,0.0,0.0,0.0
walking,0.0,0.291,0.263,0.0,0.0
pray,0.0,0.289,0.0,0.0,0.0
shalt,0.0,0.287,0.0,0.0,0.0
sought,0.0,0.285,0.0,0.0,0.0
permitted,0.0,0.284,0.0,0.0,0.0
history,0.0,0.283,0.0,0.0,0.781
siitä,0.0,0.282,0.0,0.0,0.0
voi,0.923,0.867,0.912,0.891,0.0
δεν,0.0,0.279,0.0,0.0,0.662
cottage,0.0,0.278,0.0,0.0,0.0
nights,0.0,0.277,0.0,0.0,0.0
stars,0.0,0.275,0.558,0.0,0.0
tuli,0.0,0.274,0.0,0.0,0.0
field,0.0,0.272,0.0,0.0,0.0
animal,0.0,0.27,0.476,0.0,0.0
holy,0.0,0.269,0.0,0.0,0.0
jotka,0.0,0.268,0.0,0.0,0.0
english,0.0,0.264,0.0,0.0,0.0
especially,0.0,0.262,0.0,0.0,0.795
view,0.0,0.261,0.536,0.465,0.0
jo,0.601,0.681,0.659,0.382,0.901
hidden,0.0,0.259,0.298,0.0,0.0
hearing,0.0,0.258,0.0,0.0,0.0
summer,0.0,0.256,0.0,0.0,0.0
lest,0.0,0.255,0.0,0.0,0.575
months,0.0,0.253,0.0,0.0,0.0
sultan,0.0,0.252,0.0,0.0,0.0
beast,0.0,0.251,0.0,0.0,0.0
born,0.0,0.25,0.064,0.0,0.0
crown,0.0,0.249,0.0,0.0,0.0
greatly,0.0,0.248,0.047,0.0,0.0
trot,0.0,0.247,0.0,0.0,0.0
olen,0.0,0.246,0.0,0.0,0.0
maid,0.0,0.515,0.0,0.233,0.0
flower,0.0,0.608,0.0,0.058,0.0
bill,0.524,0.243,0.104,0.372,0.674
merry,0.0,0.239,0.0,0.0,0.0
siellä,0.0,0.238,0.0,0.0,0.0
named,0.0,0.235,0.0,0.0,0.0
var,0.0,0.234,0.123,0.0,0.399
aivan,0.0,0.231,0.0,0.0,0.0
vaan,0.0,0.23,0.0,0.0,0.0
fancy,0.0,0.229,0.057,0.289,0.0
page,0.0,0.228,0.0,0.188,0.713
terror,0.0,0.223,0.35,0.0,0.0
på,0.0,0.222,0.0,0.0,0.0
sorrow,0.0,0.221,0.0,0.0,0.0
appear,0.653,0.689,0.719,0.662,0.779
tot,0.0,0.219,0.0,0.0,0.25
former,0.0,0.218,0.0,0.0,0.763
determined,0.0,0.217,0.164,0.335,0.0
ozma,0.0,0.216,0.0,0.0,0.0
drank,0.0,0.213,0.0,0.0,0.0
passage,0.0,0.212,0.447,0.31,0.0
koko,0.0,0.209,0.0,0.0,0.0
eikä,0.0,0.208,0.0,0.0,0.0
uncle,0.0,0.207,0.453,0.0,0.0
heidän,0.0,0.203,0.0,0.0,0.0
eric,0.0,0.202,0.0,0.0,0.509
mad,0.977,0.975,0.978,0.976,0.98
nay,0.0,0.198,0.0,0.0,0.0
martin,0.0,0.197,0.0,0.0,0.656
understood,0.0,0.196,0.312,0.0,0.817
woods,0.0,0.195,0.0,0.0,0.0
hänet,0.0,0.194,0.0,0.0,0.0
lover,0.0,0.193,0.0,0.0,0.716
bore,0.0,0.191,0.0,0.0,0.0
diamond,0.0,0.188,0.0,0.055,0.0
waters,0.0,0.187,0.0,0.0,0.0
hyvin,0.0,0.186,0.0,0.0,0.0
dare,0.0,0.185,0.0,0.378,0.0
hither,0.0,0.184,0.0,0.0,0.0
τους,0.0,0.183,0.0,0.0,0.54
dreams,0.0,0.182,0.0,0.0,0.0
race,0.0,0.179,0.093,0.191,0.554
star,0.771,0.275,0.799,0.726,0.0
mitään,0.0,0.177,0.0,0.0,0.0
dost,0.0,0.176,0.0,0.0,0.0
space,0.0,0.175,0.887,0.0,0.0
object,0.0,0.174,0.0,0.398,0.0
wedding,0.0,0.168,0.0,0.0,0.0
tämä,0.0,0.167,0.0,0.0,0.0
poet,0.0,0.166,0.0,0.0,0.0
clouds,0.0,0.165,0.359,0.0,0.0
greatest,0.0,0.164,0.0,0.0,0.741
pity,0.0,0.163,0.0,0.0,0.0
occasion,0.0,0.162,0.0,0.0,0.0
parents,0.0,0.161,0.0,0.0,0.0
lies,0.0,0.159,0.0,0.0,0.473
jonka,0.0,0.158,0.0,0.0,0.0
vast,0.0,0.157,0.55,0.0,0.0
hare,0.0,0.155,0.0,0.069,0.766
siinä,0.0,0.154,0.0,0.0,0.0
gazed,0.0,0.153,0.163,0.0,0.0
hänelle,0.0,0.152,0.0,0.0,0.0
various,0.0,0.151,0.0,0.0,0.0
hearts,0.0,0.149,0.0,0.0,0.0
proper,0.0,0.147,0.0,0.222,0.0
bank,0.0,0.146,0.288,0.0,0.0
therein,0.0,0.144,0.0,0.0,0.0
surface,0.0,0.143,0.76,0.0,0.0
england,0.0,0.142,0.0,0.0,0.0
ali,0.0,0.401,0.532,0.291,0.664
kyllä,0.0,0.139,0.0,0.0,0.0
beloved,0.0,0.138,0.0,0.0,0.0
presented,0.0,0.135,0.0,0.0,0.0
poika,0.0,0.134,0.0,0.0,0.0
difficulty,0.0,0.132,0.0,0.253,0.0
spirits,0.0,0.131,0.0,0.0,0.0
bridge,0.0,0.129,0.0,0.0,0.0
wealth,0.0,0.126,0.0,0.0,0.0
oz,0.424,0.216,0.015,0.0,0.0
kiss,0.0,0.123,0.0,0.0,0.0
altogether,0.0,0.122,0.0,0.205,0.0
kuinka,0.0,0.121,0.0,0.0,0.0
cousin,0.0,0.119,0.0,0.0,0.0
flight,0.0,0.117,0.0,0.0,0.0
minua,0.0,0.115,0.0,0.0,0.0
pinocchio,0.0,0.114,0.0,0.0,0.0
month,0.0,0.253,0.0,0.137,0.0
faith,0.0,0.112,0.0,0.0,0.802
olla,0.645,0.111,0.0,0.0,0.0
tin,0.683,0.656,0.681,0.735,0.875
rain,0.551,0.109,0.578,0.601,0.435
streets,0.0,0.108,0.0,0.0,0.0
school,0.0,0.106,0.034,0.0,0.0
madam,0.0,0.105,0.0,0.0,0.0
narrow,0.0,0.104,0.0,0.0,0.0
weary,0.0,0.103,0.0,0.0,0.0
higher,0.0,0.102,0.286,0.0,0.0
write,0.0,0.101,0.118,0.0,0.0
az,0.281,0.153,0.182,0.0,0.0
proud,0.0,0.099,0.0,0.0,0.0
language,0.0,0.098,0.0,0.0,0.734
future,0.0,0.097,0.0,0.285,0.0
marble,0.0,0.096,0.0,0.0,0.0
loss,0.0,0.095,0.0,0.131,0.0
pure,0.0,0.094,0.0,0.0,0.0
public,0.0,0.093,0.0,0.0,0.0
blind,0.0,0.092,0.127,0.0,0.0
ovat,0.0,0.091,0.0,0.0,0.0
unknown,0.0,0.09,0.382,0.0,0.0
distant,0.0,0.089,0.404,0.0,0.0
count,0.859,0.474,0.671,0.64,0.882
burning,0.0,0.087,0.165,0.0,0.0
deed,0.535,0.843,0.649,0.749,0.912
powerful,0.0,0.085,0.0,0.0,0.0
respect,0.0,0.083,0.0,0.0,0.0
thither,0.0,0.081,0.0,0.0,0.0
waves,0.0,0.08,0.0,0.0,0.0
opinion,0.0,0.079,0.0,0.369,0.0
imagine,0.0,0.078,0.239,0.276,0.782
duty,0.0,0.077,0.0,0.408,0.0
tuo,0.0,0.076,0.0,0.0,0.0
cloud,0.0,0.165,0.359,0.0,0.0
conan,0.0,0.074,0.0,0.0,0.0
vastasi,0.0,0.073,0.0,0.0,0.0
grace,0.0,0.072,0.0,0.191,0.0
receive,0.288,0.453,0.389,0.53,0.844
character,0.0,0.067,0.0,0.367,0.0
wrote,0.0,0.066,0.0,0.0,0.0
pardon,0.0,0.065,0.0,0.161,0.0
departed,0.0,0.063,0.0,0.0,0.0
σου,0.0,0.062,0.0,0.0,0.274
difficult,0.0,0.132,0.0,0.253,0.0
apartment,0.0,0.06,0.0,0.0,0.0
despair,0.0,0.059,0.0,0.0,0.0
eivät,0.0,0.058,0.0,0.0,0.0
unhappy,0.0,0.056,0.0,0.0,0.0
names,0.0,0.054,0.0,0.0,0.732
awake,0.0,0.051,0.0,0.0,0.0
served,0.297,0.288,0.355,0.468,0.813
buried,0.0,0.049,0.0,0.0,0.0
aina,0.0,0.048,0.0,0.0,0.0
ere,0.817,0.71,0.745,0.881,0.86
enchanted,0.0,0.046,0.0,0.0,0.0
minulle,0.0,0.045,0.0,0.0,0.0
pois,0.0,0.044,0.0,0.0,0.0
ordinary,0.0,0.043,0.178,0.277,0.0
farewell,0.0,0.042,0.0,0.0,0.0
demanded,0.0,0.041,0.0,0.546,0.0
bosom,0.0,0.04,0.0,0.0,0.0
heti,0.0,0.038,0.0,0.0,0.0
horror,0.0,0.036,0.348,0.182,0.0
lines,0.0,0.035,0.0,0.0,0.0
opportunity,0.0,0.034,0.0,0.332,0.799
wit,0.939,0.927,0.93,0.92,0.955
worthy,0.0,0.031,0.0,0.0,0.0
täällä,0.0,0.029,0.0,0.0,0.0
verses,0.0,0.027,0.0,0.0,0.0
truly,0.0,0.025,0.0,0.0,0.0
matters,0.0,0.024,0.071,0.329,0.0
taas,0.0,0.023,0.0,0.0,0.0
sekä,0.0,0.022,0.0,0.0,0.0
taste,0.0,0.021,0.0,0.0,0.0
letters,0.0,0.02,0.0,0.0,0.0
gardens,0.0,0.019,0.0,0.0,0.0
horrible,0.0,0.017,0.208,0.134,0.0
pikku,0.0,0.016,0.0,0.0,0.0
puss,0.0,0.015,0.0,0.0,0.0
professor,0.0,0.014,0.653,0.533,0.0
roses,0.0,0.013,0.0,0.0,0.111
jimmieboy,0.0,0.012,0.0,0.0,0.0
pieni,0.0,0.01,0.0,0.0,0.0
flame,0.0,0.009,0.306,0.0,0.0
lonely,0.0,0.008,0.0,0.0,0.0
angel,0.0,0.007,0.0,0.0,0.197
supposed,0.0,0.006,0.0,0.0,0.0
na,0.842,0.83,0.805,0.886,0.924
awhile,0.0,0.004,0.0,0.0,0.0
ένα,0.0,0.003,0.0,0.0,0.243
generally,0.0,0.002,0.0,0.0,0.761
paljon,0.0,0.001,0.0,0.0,0.0
je,0.377,0.604,0.896,0.904,0.775
qui,0.816,0.886,0.855,0.902,0.943
pas,0.83,0.81,0.817,0.877,0.905
vous,0.0,0.0,0.0,0.861,0.0
ce,0.976,0.935,0.958,0.964,0.941
police,0.0,0.0,0.0,0.819,0.0
chapter,0.0,0.0,0.0,0.811,0.0
detective,0.0,0.0,0.0,0.801,0.0
lui,0.0,0.0,0.0,0.8,0.0
dans,0.0,0.0,0.0,0.798,0.0
pour,0.0,0.0,0.0,0.792,0.0
plus,0.0,0.0,0.0,0.761,0.0
elle,0.0,0.152,0.0,0.745,0.666
penny,0.0,0.0,0.0,0.732,0.078
mais,0.0,0.0,0.0,0.725,0.0
au,0.766,0.872,0.691,0.717,0.861
avait,0.0,0.0,0.0,0.696,0.0
sa,1.0,1.0,0.999,1.0,1.0
était,0.0,0.0,0.0,0.688,0.0
si,0.913,0.862,0.892,0.926,0.948
nous,0.0,0.0,0.0,0.673,0.0
sur,0.895,0.785,0.871,0.887,0.0
bien,0.0,0.0,0.0,0.642,0.0
ses,0.878,0.027,0.151,0.632,0.233
tout,0.0,0.0,0.0,0.627,0.0
gentleman,0.0,0.0,0.0,0.625,0.0
mystery,0.0,0.0,0.172,0.623,0.0
hotel,0.0,0.0,0.0,0.614,0.0
par,0.815,0.786,0.854,0.828,0.918
cette,0.0,0.0,0.0,0.598,0.0
avec,0.0,0.0,0.0,0.592,0.0
papers,0.0,0.0,0.0,0.59,0.0
monsieur,0.0,0.0,0.0,0.583,0.832
comme,0.0,0.0,0.0,0.574,0.0
leaving,0.0,0.0,0.464,0.544,0.0
mon,0.829,0.807,0.755,0.872,0.895
kennedy,0.0,0.0,0.0,0.535,0.0
agreed,0.0,0.0,0.0,0.534,0.0
jerry,0.0,0.0,0.136,0.525,0.0
station,0.0,0.0,0.0,0.522,0.0
affair,0.0,0.0,0.0,0.52,0.0
likely,0.0,0.0,0.213,0.519,0.0
visit,0.0,0.0,0.219,0.518,0.0
holmes,0.0,0.0,0.0,0.513,0.0
inspector,0.0,0.0,0.0,0.505,0.0
sister,0.0,0.0,0.122,0.504,0.0
expected,0.0,0.0,0.0,0.5,0.0
information,0.0,0.0,0.084,0.49,0.0
paul,0.0,0.0,0.372,0.485,0.757
dinner,0.0,0.0,0.0,0.483,0.0
escape,0.0,0.0,0.0,0.477,0.0
stairs,0.0,0.0,0.068,0.474,0.0
louise,0.0,0.0,0.0,0.467,0.512
rooms,0.0,0.0,0.106,0.466,0.0
key,0.0,0.0,0.0,0.462,0.0
sans,0.0,0.0,0.0,0.459,0.0
anxious,0.0,0.0,0.0,0.454,0.0
dit,0.0,0.326,0.266,0.452,0.645
important,0.0,0.0,0.0,0.451,0.0
inquired,0.0,0.0,0.0,0.446,0.0
private,0.0,0.0,0.0,0.445,0.0
mysterious,0.0,0.0,0.0,0.439,0.0
hugh,0.0,0.0,0.0,0.433,0.783
mary,0.0,0.0,0.152,0.431,0.853
circumstances,0.0,0.0,0.0,0.422,0.0
moi,0.0,0.0,0.0,0.417,0.0
suspicion,0.0,0.0,0.0,0.416,0.0
telling,0.0,0.0,0.256,0.411,0.0
marry,0.0,0.0,0.0,0.407,0.0
où,0.0,0.0,0.0,0.406,0.0
locked,0.0,0.0,0.0,0.402,0.0
service,0.0,0.0,0.0,0.4,0.0
situation,0.0,0.0,0.0,0.395,0.0
ces,0.319,0.765,0.398,0.508,0.257
facts,0.0,0.0,0.0,0.388,0.0
faire,0.0,0.0,0.0,0.383,0.0
giving,0.0,0.0,0.354,0.379,0.0
été,0.0,0.0,0.0,0.374,0.0
fait,0.0,0.112,0.0,0.373,0.802
deux,0.0,0.0,0.0,0.366,0.0
someone,0.0,0.0,0.0,0.365,0.0
sharp,0.25,0.0,0.478,0.363,0.0
remain,0.457,0.523,0.0,0.361,0.0
guilty,0.0,0.0,0.0,0.36,0.0
engaged,0.0,0.0,0.0,0.353,0.0
library,0.0,0.0,0.0,0.349,0.0
encore,0.0,0.0,0.0,0.347,0.0
drive,0.0,0.0,0.035,0.345,0.0
den,0.838,0.755,0.898,0.628,0.898
même,0.0,0.0,0.0,0.342,0.0
proved,0.0,0.0,0.0,0.338,0.0
possibly,0.0,0.0,0.365,0.337,0.0
ils,0.0,0.472,0.103,0.334,0.445
bent,0.0,0.0,0.347,0.333,0.0
cleek,0.0,0.0,0.0,0.325,0.0
result,0.0,0.0,0.0,0.323,0.0
rien,0.821,0.758,0.655,0.855,0.0
gentlemen,0.0,0.0,0.0,0.321,0.0
er,0.971,0.964,0.955,0.968,0.984
dont,0.0,0.0,0.0,0.317,0.0
donc,0.0,0.0,0.0,0.315,0.0
aux,0.0,0.0,0.0,0.314,0.0
ou,0.998,0.997,0.997,0.998,0.998
occurred,0.0,0.0,0.198,0.312,0.0
drove,0.0,0.0,0.183,0.309,0.0
tu,0.944,0.877,0.942,0.916,0.799
discovery,0.0,0.0,0.0,0.306,0.0
explanation,0.0,0.0,0.0,0.304,0.0
slight,0.0,0.0,0.376,0.303,0.0
witness,0.0,0.0,0.0,0.302,0.0
leur,0.0,0.0,0.0,0.301,0.0
handed,0.0,0.0,0.0,0.299,0.0
couple,0.0,0.0,0.514,0.298,0.0
tous,0.0,0.0,0.0,0.293,0.0
homme,0.0,0.0,0.0,0.292,0.0
realized,0.0,0.0,0.532,0.291,0.0
servants,0.0,0.0,0.0,0.29,0.0
votre,0.0,0.0,0.0,0.283,0.0
admit,0.077,0.0,0.0,0.461,0.0
mme,0.24,0.594,0.555,0.574,0.829
absolutely,0.0,0.0,0.0,0.273,0.0
père,0.0,0.0,0.0,0.272,0.0
quand,0.0,0.0,0.0,0.271,0.0
worse,0.0,0.0,0.0,0.27,0.0
ladies,0.0,0.0,0.0,0.269,0.0
suis,0.0,0.0,0.0,0.268,0.0
mlle,0.0,0.0,0.0,0.267,0.0
interview,0.0,0.0,0.0,0.265,0.0
enter,0.527,0.71,0.587,0.74,0.0
charles,0.0,0.0,0.0,0.261,0.0
après,0.0,0.0,0.0,0.26,0.0
experience,0.0,0.0,0.0,0.259,0.0
theory,0.0,0.0,0.0,0.258,0.0
wondered,0.0,0.0,0.39,0.257,0.0
mistake,0.0,0.0,0.0,0.256,0.0
major,0.0,0.0,0.0,0.255,0.755
satisfied,0.0,0.0,0.056,0.252,0.0
ralph,0.0,0.0,0.0,0.251,0.0
trent,0.0,0.0,0.0,0.249,0.0
somehow,0.0,0.0,0.414,0.248,0.0
assured,0.0,0.0,0.025,0.247,0.0
curiosity,0.0,0.0,0.074,0.242,0.0
naturally,0.0,0.0,0.0,0.241,0.0
james,0.0,0.0,0.17,0.239,0.0
actually,0.0,0.0,0.0,0.238,0.0
arthur,0.0,0.0,0.0,0.237,0.83
femme,0.0,0.0,0.0,0.234,0.0
rick,0.0,0.0,0.0,0.229,0.509
mentioned,0.0,0.0,0.0,0.228,0.0
être,0.0,0.0,0.0,0.226,0.0
lower,0.0,0.608,0.442,0.225,0.744
allow,0.079,0.0,0.0,0.224,0.158
jimmie,0.0,0.012,0.0,0.223,0.0
property,0.0,0.0,0.0,0.222,0.0
missing,0.0,0.0,0.0,0.221,0.0
wood,0.0,0.195,0.221,0.219,0.0
roger,0.0,0.0,0.0,0.218,0.0
proceeded,0.0,0.0,0.019,0.217,0.0
plans,0.0,0.0,0.0,0.216,0.0
regard,0.0,0.0,0.0,0.215,0.0
dangerous,0.0,0.0,0.0,0.214,0.0
rue,0.654,0.737,0.0,0.213,0.0
excuse,0.0,0.0,0.0,0.211,0.0
gasped,0.0,0.0,0.0,0.21,0.0
asking,0.0,0.0,0.0,0.209,0.0
jeune,0.0,0.0,0.0,0.208,0.0
peculiar,0.0,0.0,0.186,0.207,0.0
clue,0.0,0.0,0.0,0.206,0.0
og,0.784,0.833,0.794,0.769,0.66
francs,0.0,0.0,0.0,0.203,0.0
card,0.0,0.0,0.0,0.202,0.0
jamais,0.0,0.0,0.0,0.2,0.0
church,0.0,0.0,0.0,0.193,0.0
tea,0.42,0.652,0.575,0.192,0.0
lock,0.0,0.0,0.0,0.402,0.0
mes,0.728,0.69,0.705,0.516,0.88
henry,0.0,0.0,0.0,0.187,0.0
handsome,0.0,0.0,0.0,0.186,0.0
extraordinary,0.0,0.0,0.178,0.184,0.0
park,0.0,0.0,0.0,0.183,0.0
janet,0.0,0.0,0.0,0.181,0.0
accident,0.0,0.0,0.0,0.179,0.0
statement,0.0,0.0,0.0,0.177,0.0
rate,0.0,0.0,0.297,0.176,0.123
arranged,0.0,0.0,0.0,0.175,0.0
perk,0.0,0.0,0.0,0.174,0.0
dale,0.0,0.0,0.0,0.173,0.0
cora,0.0,0.0,0.0,0.172,0.0
task,0.0,0.0,0.0,0.171,0.0
chez,0.0,0.0,0.0,0.17,0.0
insisted,0.0,0.0,0.0,0.169,0.0
fois,0.0,0.0,0.0,0.168,0.0
suit,0.0,0.0,0.0,0.167,0.0
playing,0.0,0.0,0.0,0.166,0.0
shown,0.0,0.0,0.0,0.165,0.0
judy,0.0,0.0,0.0,0.164,0.357
pause,0.352,0.0,0.47,0.163,0.0
ned,0.944,0.877,0.942,0.916,0.703
rope,0.0,0.147,0.073,0.222,0.0
ball,0.0,0.0,0.102,0.157,0.477
retorted,0.0,0.0,0.0,0.156,0.0
toutes,0.0,0.0,0.0,0.155,0.0
remark,0.348,0.0,0.0,0.699,0.0
concerned,0.0,0.0,0.0,0.153,0.0
motive,0.0,0.0,0.0,0.152,0.0
wondering,0.0,0.0,0.059,0.151,0.0
tragedy,0.0,0.0,0.0,0.15,0.0
attitude,0.0,0.0,0.0,0.149,0.0
clearly,0.0,0.0,0.0,0.148,0.0
victim,0.0,0.0,0.0,0.147,0.0
quelque,0.0,0.0,0.0,0.146,0.0
completely,0.0,0.0,0.0,0.145,0.0
risk,0.0,0.0,0.0,0.144,0.0
satisfaction,0.0,0.0,0.0,0.142,0.0
due,0.0,0.0,0.217,0.141,0.375
cependant,0.0,0.0,0.0,0.14,0.0
gesture,0.0,0.0,0.0,0.139,0.0
linda,0.0,0.0,0.0,0.138,0.429
porter,0.0,0.0,0.0,0.136,0.0
anxiety,0.0,0.0,0.0,0.135,0.0
considerable,0.0,0.0,0.125,0.133,0.687
connected,0.0,0.0,0.0,0.132,0.0
unable,0.0,0.0,0.121,0.129,0.0
shrugged,0.0,0.0,0.0,0.128,0.0
terry,0.0,0.0,0.0,0.127,0.458
chose,0.0,0.0,0.0,0.126,0.0
william,0.0,0.0,0.0,0.125,0.767
acquaintance,0.0,0.0,0.0,0.124,0.0
butler,0.0,0.0,0.0,0.123,0.0
thoughtfully,0.0,0.0,0.0,0.122,0.0
calmly,0.0,0.0,0.0,0.121,0.0
laura,0.0,0.0,0.0,0.12,0.0
shock,0.0,0.0,0.0,0.119,0.0
toute,0.0,0.0,0.0,0.155,0.0
otherwise,0.0,0.0,0.0,0.117,0.0
adventure,0.0,0.0,0.0,0.116,0.058
godfrey,0.0,0.0,0.0,0.115,0.495
anyhow,0.0,0.0,0.0,0.113,0.0
fille,0.522,0.591,0.569,0.112,0.0
blake,0.0,0.0,0.0,0.111,0.678
familiar,0.0,0.0,0.0,0.11,0.0
philip,0.0,0.0,0.0,0.109,0.0
betty,0.0,0.0,0.0,0.108,0.619
accept,0.0,0.0,0.0,0.107,0.0
conclusion,0.0,0.0,0.0,0.104,0.0
constable,0.0,0.0,0.0,0.103,0.0
particularly,0.0,0.0,0.051,0.101,0.747
farther,0.0,0.0,0.0,0.1,0.0
examination,0.0,0.0,0.0,0.099,0.0
feelings,0.0,0.0,0.0,0.098,0.0
fandor,0.0,0.0,0.0,0.097,0.0
juve,0.0,0.0,0.0,0.096,0.0
responded,0.0,0.0,0.0,0.095,0.0
suggestion,0.0,0.0,0.0,0.094,0.0
joined,0.0,0.0,0.0,0.093,0.0
jeanne,0.0,0.0,0.0,0.092,0.0
jour,0.0,0.0,0.378,0.091,0.0
burton,0.0,0.0,0.0,0.09,0.077
thanks,0.0,0.0,0.0,0.088,0.0
fred,0.0,0.0,0.249,0.087,0.232
inquiry,0.0,0.0,0.0,0.086,0.0
inquest,0.0,0.0,0.0,0.085,0.0
concluded,0.0,0.0,0.0,0.084,0.0
worry,0.0,0.0,0.0,0.083,0.0
match,0.0,0.0,0.0,0.081,0.0
tish,0.0,0.0,0.0,0.08,0.624
arnold,0.0,0.0,0.0,0.078,0.0
scotty,0.0,0.0,0.0,0.077,0.0
tommy,0.0,0.0,0.134,0.076,0.0
sooner,0.0,0.0,0.0,0.075,0.0
nat,0.213,0.518,0.09,0.346,0.667
eût,0.0,0.0,0.0,0.073,0.0
utterly,0.0,0.0,0.105,0.072,0.0
sympathy,0.0,0.0,0.0,0.07,0.0
share,0.0,0.0,0.0,0.069,0.766
urged,0.0,0.0,0.0,0.067,0.0
anne,0.616,0.632,0.506,0.682,0.884
nan,0.0,0.074,0.0,0.065,0.691
machine,0.0,0.0,0.633,0.064,0.0
vie,0.0,0.33,0.536,0.465,0.0
unfortunate,0.0,0.0,0.0,0.061,0.0
herrick,0.0,0.0,0.0,0.06,0.433
inclined,0.0,0.0,0.0,0.059,0.703
bess,0.0,0.0,0.0,0.057,0.407
showing,0.0,0.0,0.0,0.056,0.0
diamonds,0.0,0.0,0.0,0.055,0.0
comfortable,0.0,0.0,0.0,0.054,0.0
dot,0.0,0.0,0.0,0.053,0.0
marquis,0.0,0.0,0.0,0.052,0.0
signs,0.0,0.0,0.0,0.05,0.0
landing,0.0,0.0,0.0,0.049,0.0
luis,0.0,0.0,0.0,0.047,0.0
es,0.989,0.959,0.977,0.966,0.958
florence,0.0,0.0,0.0,0.045,0.0
trap,0.0,0.0,0.0,0.044,0.0
bet,0.889,0.828,0.866,0.863,0.789
accepted,0.0,0.0,0.0,0.042,0.0
curiously,0.0,0.0,0.0,0.041,0.0
jones,0.0,0.0,0.042,0.04,0.0
partner,0.0,0.0,0.0,0.038,0.0
driven,0.0,0.0,0.0,0.037,0.0
phantom,0.0,0.0,0.0,0.035,0.0
capable,0.0,0.0,0.0,0.034,0.0
doubtless,0.0,0.0,0.0,0.033,0.0
baron,0.0,0.0,0.0,0.032,0.0
mile,0.779,0.433,0.806,0.694,0.0
marks,0.0,0.0,0.0,0.03,0.0
arden,0.0,0.693,0.204,0.381,0.0
protested,0.0,0.0,0.0,0.027,0.0
footsteps,0.0,0.0,0.0,0.026,0.0
clancy,0.0,0.0,0.0,0.025,0.563
suspicious,0.0,0.0,0.0,0.024,0.0
formed,0.0,0.0,0.339,0.022,0.0
tower,0.0,0.0,0.223,0.02,0.0
agree,0.0,0.0,0.0,0.534,0.0
reward,0.0,0.0,0.0,0.018,0.0
realize,0.0,0.0,0.532,0.291,0.0
um,0.44,0.552,0.836,0.422,0.0
mère,0.0,0.0,0.0,0.015,0.0
suicide,0.0,0.0,0.0,0.014,0.0
anthony,0.0,0.0,0.0,0.013,0.0
albert,0.0,0.0,0.0,0.012,0.0
type,0.0,0.0,0.0,0.011,0.0
das,0.0,0.0,0.0,0.01,0.845
promptly,0.0,0.0,0.0,0.008,0.0
suggest,0.359,0.011,0.28,0.554,0.0
problem,0.0,0.0,0.0,0.004,0.0
nick,0.0,0.0,0.0,0.003,0.0
identity,0.0,0.0,0.0,0.002,0.0
meantime,0.0,0.0,0.0,0.001,0.0
het,0.504,0.605,0.921,0.663,0.0
ship,0.0,0.0,0.916,0.0,0.0
een,0.902,0.883,0.874,0.888,0.0
dat,0.0,0.0,0.825,0.0,0.0
op,0.845,0.915,0.936,0.853,0.939
ik,0.995,0.987,0.994,0.99,0.988
zijn,0.0,0.0,0.721,0.0,0.0
niet,0.0,0.0,0.717,0.0,0.0
von,0.0,0.0,0.704,0.0,0.838
aan,0.0,0.23,0.628,0.0,0.0
food,0.0,0.0,0.613,0.0,0.0
system,0.0,0.0,0.612,0.0,0.0
maar,0.0,0.0,0.604,0.0,0.0
om,0.987,0.981,0.973,0.984,0.818
moving,0.0,0.0,0.577,0.0,0.0
wij,0.0,0.0,0.553,0.0,0.0
tiny,0.0,0.0,0.534,0.0,0.0
government,0.0,0.0,0.527,0.0,0.696
north,0.0,0.0,0.524,0.0,0.51
mars,0.0,0.0,0.521,0.0,0.0
lights,0.0,0.0,0.519,0.0,0.0
mass,0.0,0.0,0.511,0.0,0.0
center,0.0,0.0,0.505,0.0,0.0
level,0.0,0.0,0.5,0.0,0.0
rapidly,0.0,0.0,0.495,0.0,0.0
da,0.961,0.977,0.907,0.923,0.845
creature,0.0,0.0,0.488,0.0,0.0
south,0.0,0.0,0.485,0.0,0.0
barbicane,0.0,0.0,0.461,0.0,0.0
ray,0.565,0.289,0.46,0.0,0.452
creatures,0.0,0.0,0.455,0.0,0.0
planets,0.0,0.0,0.452,0.0,0.0
weapon,0.0,0.0,0.443,0.0,0.0
size,0.0,0.0,0.437,0.0,0.0
visible,0.0,0.0,0.434,0.0,0.0
learn,0.353,0.416,0.425,0.0,0.0
yards,0.0,0.0,0.421,0.0,0.0
week,0.0,0.0,0.42,0.0,0.0
seconds,0.0,0.0,0.416,0.0,0.0
ross,0.871,0.227,0.864,0.788,0.0
kaj,0.0,0.0,0.407,0.0,0.505
eene,0.0,0.0,0.405,0.0,0.0
alan,0.0,0.0,0.403,0.0,0.0
outer,0.0,0.0,0.385,0.0,0.0
ships,0.0,0.0,0.38,0.0,0.0
journey,0.0,0.0,0.378,0.0,0.0
slightly,0.0,0.0,0.376,0.0,0.0
globe,0.0,0.0,0.375,0.0,0.0
upward,0.0,0.0,0.374,0.0,0.0
vanished,0.0,0.0,0.364,0.0,0.0
explain,0.39,0.128,0.362,0.557,0.0
entrance,0.0,0.0,0.356,0.0,0.0
rays,0.0,0.0,0.345,0.0,0.0
snow,0.0,0.0,0.344,0.0,0.0
eat,0.938,0.982,0.963,0.918,0.969
mike,0.0,0.0,0.34,0.0,0.0
noise,0.0,0.0,0.337,0.0,0.0
mij,0.0,0.0,0.335,0.0,0.0
enormous,0.0,0.0,0.331,0.0,0.0
rocket,0.0,0.0,0.329,0.0,0.0
hole,0.794,0.834,0.84,0.793,0.909
thousands,0.0,0.0,0.326,0.0,0.0
shape,0.0,0.0,0.322,0.0,0.0
nemo,0.0,0.0,0.321,0.0,0.0
asteroid,0.0,0.0,0.319,0.0,0.0
pressure,0.0,0.0,0.317,0.0,0.0
roof,0.0,0.0,0.315,0.0,0.654
invisible,0.0,0.0,0.311,0.0,0.0
larger,0.0,0.0,0.307,0.0,0.0
planet,0.0,0.0,0.452,0.0,0.0
universe,0.0,0.0,0.301,0.0,0.0
windows,0.0,0.0,0.299,0.0,0.0
study,0.0,0.0,0.292,0.0,0.0
nearer,0.0,0.0,0.29,0.0,0.0
material,0.0,0.0,0.289,0.0,0.0
east,0.702,0.666,0.789,0.768,0.0
flat,0.0,0.0,0.281,0.0,0.0
solid,0.0,0.0,0.278,0.0,0.0
immense,0.0,0.0,0.277,0.0,0.0
cliff,0.0,0.0,0.274,0.0,0.0
central,0.0,0.0,0.273,0.0,0.0
parts,0.0,0.0,0.272,0.0,0.661
machines,0.0,0.0,0.268,0.0,0.0
listened,0.0,0.0,0.265,0.0,0.0
robot,0.0,0.0,0.258,0.0,0.0
horizon,0.0,0.0,0.252,0.0,0.0
managed,0.0,0.0,0.25,0.0,0.0
atmosphere,0.0,0.0,0.246,0.0,0.0
pencroft,0.0,0.0,0.245,0.0,0.0
sounded,0.0,0.0,0.242,0.0,0.0
final,0.496,0.0,0.667,0.0,0.0
shining,0.0,0.0,0.238,0.0,0.0
burl,0.0,0.0,0.236,0.0,0.0
doors,0.0,0.0,0.235,0.0,0.0
period,0.0,0.0,0.234,0.0,0.697
crew,0.0,0.0,0.233,0.0,0.0
temple,0.0,0.0,0.232,0.0,0.0
century,0.0,0.0,0.23,0.0,0.626
ardan,0.0,0.0,0.228,0.0,0.0
jason,0.0,0.0,0.227,0.0,0.0
mijn,0.0,0.0,0.226,0.0,0.0
rip,0.0,0.0,0.225,0.0,0.0
brief,0.0,0.0,0.224,0.0,0.382
vision,0.0,0.0,0.215,0.0,0.0
larry,0.0,0.0,0.212,0.0,0.647
tremendous,0.0,0.0,0.211,0.0,0.0
gradually,0.0,0.0,0.209,0.0,0.677
reading,0.0,0.0,0.207,0.0,0.0
particular,0.0,0.0,0.205,0.101,0.747
graham,0.0,0.0,0.203,0.0,0.365
arcot,0.0,0.0,0.201,0.0,0.0
orbit,0.0,0.0,0.197,0.0,0.0
rifle,0.0,0.0,0.196,0.0,0.0
hanlon,0.0,0.0,0.195,0.0,0.0
chet,0.0,0.0,0.19,0.0,0.0
barney,0.0,0.0,0.187,0.0,0.497
ones,0.103,0.412,0.185,0.04,0.0
leader,0.0,0.0,0.184,0.0,0.0
seized,0.0,0.0,0.181,0.0,0.0
að,0.0,0.0,0.176,0.0,0.0
careful,0.311,0.0,0.543,0.0,0.0
army,0.0,0.0,0.173,0.0,0.0
gigantic,0.0,0.0,0.168,0.0,0.0
dim,0.0,0.0,0.167,0.0,0.0
glow,0.0,0.0,0.162,0.0,0.0
lit,0.993,0.996,0.985,0.991,0.992
overhead,0.0,0.0,0.159,0.0,0.0
roar,0.0,0.0,0.158,0.0,0.0
smooth,0.0,0.0,0.157,0.0,0.0
grey,0.0,0.0,0.155,0.0,0.801
quarter,0.0,0.0,0.154,0.0,0.0
tube,0.0,0.0,0.153,0.0,0.0
possessed,0.0,0.0,0.151,0.0,0.0
startled,0.0,0.0,0.148,0.0,0.0
retief,0.0,0.0,0.147,0.0,0.0
dawn,0.0,0.0,0.146,0.0,0.0
sank,0.0,0.0,0.145,0.0,0.0
sufficient,0.0,0.0,0.144,0.0,0.712
calhoun,0.0,0.0,0.142,0.0,0.0
martian,0.0,0.0,0.141,0.0,0.0
approaching,0.0,0.0,0.14,0.0,0.0
sam,0.0,0.0,0.139,0.0,0.722
occupied,0.0,0.0,0.138,0.0,0.0
ed,0.962,0.941,0.968,0.973,0.913
increased,0.0,0.0,0.132,0.0,0.0
finding,0.0,0.0,0.13,0.0,0.0
portion,0.0,0.0,0.129,0.0,0.0
everywhere,0.0,0.0,0.128,0.0,0.0
motionless,0.0,0.0,0.124,0.0,0.0
depths,0.0,0.0,0.12,0.0,0.0
thomas,0.0,0.0,0.119,0.0,0.64
bare,0.0,0.0,0.116,0.0,0.0
impression,0.0,0.0,0.115,0.0,0.0
connel,0.0,0.0,0.113,0.0,0.0
phil,0.0,0.0,0.112,0.109,0.434
slid,0.0,0.0,0.111,0.0,0.0
dying,0.0,0.0,0.108,0.0,0.0
surrounded,0.0,0.0,0.107,0.0,0.0
details,0.0,0.0,0.103,0.0,0.0
forever,0.0,0.0,0.1,0.0,0.0
council,0.0,0.0,0.099,0.0,0.0
closely,0.0,0.0,0.098,0.0,0.0
doc,0.0,0.36,0.724,0.808,0.0
trigger,0.0,0.0,0.096,0.0,0.0
helena,0.0,0.0,0.094,0.0,0.6
trace,0.0,0.0,0.093,0.0,0.554
president,0.0,0.0,0.092,0.0,0.572
imagination,0.0,0.0,0.09,0.0,0.0
conscious,0.0,0.0,0.088,0.0,0.0
downward,0.0,0.0,0.085,0.0,0.0
sergeant,0.0,0.0,0.083,0.0,0.0
dull,0.0,0.0,0.082,0.0,0.0
heavens,0.0,0.0,0.081,0.0,0.0
cleared,0.0,0.0,0.08,0.0,0.0
weak,0.0,0.0,0.079,0.0,0.0
calling,0.0,0.0,0.077,0.0,0.0
perceived,0.0,0.0,0.076,0.0,0.0
research,0.0,0.0,0.072,0.0,0.0
floating,0.0,0.0,0.07,0.0,0.0
simon,0.0,0.0,0.069,0.0,0.0
vague,0.0,0.0,0.066,0.0,0.0
seaton,0.0,0.0,0.065,0.0,0.0
cortin,0.0,0.0,0.062,0.0,0.0
ken,0.77,0.745,0.767,0.834,0.906
pit,0.322,0.163,0.243,0.0,0.814
begun,0.0,0.0,0.058,0.0,0.0
jon,0.0,0.158,0.055,0.04,0.0
helpless,0.0,0.0,0.053,0.0,0.0
u,0.998,0.997,0.997,0.998,0.998
convinced,0.0,0.0,0.049,0.0,0.0
brion,0.0,0.0,0.048,0.0,0.0
patrol,0.0,0.0,0.046,0.0,0.0
mist,0.0,0.319,0.045,0.256,0.0
breathing,0.0,0.0,0.044,0.0,0.0
pleased,0.0,0.0,0.043,0.0,0.0
bart,0.0,0.0,0.041,0.0,0.0
lloyd,0.0,0.0,0.039,0.0,0.0
writing,0.0,0.0,0.038,0.0,0.768
senses,0.0,0.0,0.037,0.0,0.0
cade,0.0,0.0,0.036,0.0,0.0
driver,0.0,0.0,0.035,0.0,0.0
puzzled,0.0,0.0,0.033,0.0,0.0
glowing,0.0,0.0,0.032,0.0,0.0
indicated,0.0,0.0,0.031,0.0,0.0
evident,0.345,0.0,0.466,0.578,0.805
hugo,0.0,0.0,0.028,0.0,0.0
ages,0.0,0.0,0.026,0.0,0.126
returning,0.0,0.0,0.024,0.0,0.0
harding,0.0,0.0,0.023,0.0,0.0
tour,0.0,0.0,0.022,0.0,0.0
í,0.0,0.0,0.021,0.0,0.0
incredible,0.0,0.0,0.02,0.0,0.0
craig,0.0,0.0,0.017,0.0,0.0
plant,0.0,0.0,0.016,0.0,0.0
frozen,0.0,0.0,0.015,0.0,0.0
empire,0.0,0.0,0.014,0.0,0.308
floated,0.0,0.0,0.013,0.0,0.0
reaching,0.0,0.0,0.012,0.0,0.0
plainly,0.0,0.0,0.011,0.0,0.0
support,0.0,0.0,0.01,0.0,0.0
grown,0.0,0.0,0.008,0.0,0.0
monstrous,0.0,0.0,0.007,0.0,0.0
boyce,0.0,0.0,0.006,0.0,0.0
reflected,0.0,0.0,0.005,0.0,0.0
commander,0.0,0.0,0.002,0.0,0.0
blackness,0.0,0.0,0.001,0.0,0.0
zu,0.0,0.0,0.0,0.0,0.872
non,0.623,0.715,0.602,0.552,0.87
aunt,0.0,0.0,0.0,0.0,0.861
sich,0.0,0.0,0.0,0.0,0.859
court,0.0,0.0,0.0,0.0,0.825
daß,0.0,0.0,0.0,0.0,0.823
brown,0.0,0.0,0.0,0.0,0.821
french,0.0,0.0,0.0,0.0,0.819
per,0.813,0.743,0.852,0.866,0.932
society,0.0,0.0,0.0,0.0,0.81
books,0.0,0.0,0.0,0.0,0.807
margaret,0.0,0.0,0.0,0.0,0.806
duke,0.0,0.0,0.0,0.0,0.804
sancho,0.0,0.0,0.0,0.0,0.796
emma,0.0,0.0,0.0,0.0,0.791
elizabeth,0.0,0.0,0.0,0.0,0.789
richard,0.0,0.0,0.0,0.0,0.786
þe,0.0,0.0,0.0,0.0,0.778
molly,0.0,0.0,0.0,0.0,0.777
france,0.0,0.0,0.0,0.0,0.776
sidenote,0.0,0.0,0.0,0.0,0.774
david,0.0,0.0,0.0,0.0,0.77
anna,0.0,0.0,0.0,0.0,0.759
elinor,0.0,0.0,0.0,0.0,0.752
quel,0.0,0.0,0.0,0.146,0.751
catherine,0.0,0.0,0.0,0.0,0.749
stella,0.0,0.0,0.0,0.0,0.746
romance,0.0,0.0,0.0,0.0,0.742
hun,0.329,0.752,0.857,0.0,0.74
edward,0.0,0.0,0.0,0.0,0.739
according,0.0,0.0,0.0,0.0,0.737
alla,0.0,0.0,0.0,0.0,0.736
lucilla,0.0,0.0,0.0,0.0,0.735
lucy,0.0,0.0,0.0,0.0,0.731
li,0.995,0.996,0.994,0.991,0.992
barbara,0.0,0.0,0.0,0.0,0.729
katherine,0.0,0.0,0.0,0.0,0.728
maurice,0.0,0.0,0.0,0.0,0.727
quixote,0.0,0.0,0.0,0.0,0.726
original,0.0,0.0,0.0,0.0,0.725
honor,0.0,0.0,0.0,0.0,0.724
christian,0.0,0.0,0.0,0.0,0.723
bishop,0.0,0.0,0.0,0.0,0.72
n,0.999,0.998,0.998,0.999,0.997
sally,0.0,0.0,0.0,0.0,0.718
degree,0.0,0.0,0.0,0.0,0.717
ay,0.983,0.977,0.982,0.979,0.978
twelve,0.0,0.0,0.0,0.0,0.714
rotha,0.0,0.0,0.0,0.0,0.711
instance,0.0,0.0,0.0,0.0,0.71
maria,0.0,0.0,0.0,0.0,0.709
concerning,0.0,0.0,0.0,0.0,0.706
diana,0.0,0.0,0.0,0.0,0.704
modern,0.0,0.0,0.0,0.0,0.699
willoughby,0.0,0.0,0.0,0.0,0.695
inn,0.336,0.316,0.518,0.483,0.694
þat,0.0,0.0,0.0,0.0,0.692
author,0.0,0.0,0.0,0.0,0.69
martha,0.0,0.0,0.0,0.0,0.689
marcia,0.0,0.0,0.0,0.0,0.686
gerard,0.0,0.0,0.0,0.0,0.685
kate,0.0,0.0,0.0,0.0,0.684
equally,0.0,0.0,0.0,0.0,0.683
marie,0.0,0.0,0.0,0.0,0.681
mollie,0.0,0.0,0.0,0.0,0.68
german,0.0,0.0,0.0,0.0,0.676
produced,0.0,0.0,0.0,0.0,0.675
lately,0.0,0.0,0.0,0.0,0.671
caroline,0.0,0.0,0.0,0.0,0.67
cynthia,0.0,0.0,0.0,0.0,0.669
cup,0.0,0.0,0.138,0.0,0.668
native,0.0,0.0,0.0,0.0,0.667
ellen,0.0,0.0,0.0,0.0,0.666
italian,0.0,0.0,0.0,0.0,0.664
isabel,0.0,0.0,0.0,0.0,0.663
della,0.0,0.0,0.0,0.0,0.659
authority,0.0,0.0,0.0,0.0,0.658
greek,0.0,0.0,0.0,0.0,0.657
sylvia,0.0,0.0,0.0,0.0,0.655
proof,0.0,0.0,0.0,0.0,0.654
katharine,0.0,0.0,0.0,0.0,0.653
foreign,0.0,0.0,0.0,0.0,0.652
avant,0.0,0.0,0.0,0.0,0.651
cf,0.0,0.0,0.0,0.0,0.649
progress,0.0,0.0,0.0,0.0,0.648
upper,0.0,0.0,0.0,0.0,0.646
edith,0.0,0.0,0.0,0.0,0.645
claire,0.0,0.0,0.0,0.0,0.644
frequently,0.0,0.0,0.0,0.0,0.642
spanish,0.0,0.0,0.0,0.0,0.641
patricia,0.0,0.0,0.0,0.0,0.639
constance,0.0,0.0,0.0,0.0,0.638
scott,0.0,0.0,0.0,0.077,0.637
peggy,0.0,0.0,0.0,0.0,0.636
ad,0.977,0.975,0.978,0.976,0.98
affected,0.0,0.0,0.0,0.0,0.634
marion,0.0,0.0,0.0,0.0,0.633
julia,0.0,0.0,0.0,0.0,0.632
shirley,0.0,0.0,0.0,0.0,0.631
lancelot,0.0,0.0,0.0,0.0,0.63
centre,0.0,0.0,0.0,0.0,0.629
joseph,0.0,0.0,0.0,0.0,0.628
newman,0.0,0.0,0.0,0.0,0.627
dolly,0.0,0.0,0.0,0.0,0.625
british,0.0,0.0,0.0,0.0,0.624
vol,0.278,0.0,0.0,0.0,0.623
grettir,0.0,0.0,0.0,0.0,0.622
hon,0.103,0.298,0.03,0.013,0.724
geoffrey,0.0,0.0,0.0,0.0,0.62
brandon,0.0,0.0,0.0,0.0,0.617
h,0.974,0.976,0.969,0.98,0.979
neale,0.0,0.0,0.0,0.0,0.615
amadis,0.0,0.0,0.0,0.0,0.614
tristan,0.0,0.0,0.0,0.0,0.613
kent,0.0,0.0,0.0,0.0,0.612
venetia,0.0,0.0,0.0,0.0,0.611
alessandro,0.0,0.0,0.0,0.0,0.61
virginia,0.0,0.0,0.0,0.0,0.609
aylmer,0.0,0.0,0.0,0.0,0.608
θα,0.0,0.0,0.0,0.0,0.607
travers,0.0,0.0,0.0,0.0,0.605
italy,0.0,0.0,0.0,0.0,0.604
madge,0.0,0.0,0.0,0.0,0.603
million,0.0,0.0,0.0,0.0,0.602
appears,0.0,0.0,0.0,0.0,0.601
beulah,0.0,0.0,0.0,0.0,0.598
patsy,0.0,0.0,0.0,0.0,0.596
ferdinand,0.0,0.0,0.0,0.0,0.595
jag,0.0,0.0,0.0,0.0,0.594
roman,0.0,0.0,0.0,0.0,0.742
lewis,0.0,0.0,0.0,0.0,0.592
fyne,0.0,0.0,0.0,0.0,0.591
distinguished,0.0,0.0,0.0,0.0,0.59
c,0.996,0.995,0.996,0.995,0.996
introduced,0.0,0.0,0.0,0.0,0.587
ramona,0.0,0.0,0.0,0.0,0.586
jinnie,0.0,0.0,0.0,0.0,0.585
ότι,0.0,0.0,0.0,0.0,0.584
margot,0.0,0.0,0.0,0.0,0.582
fury,0.0,0.0,0.0,0.0,0.581
judith,0.0,0.0,0.0,0.0,0.58
b,0.994,0.969,0.992,0.989,0.971
antonio,0.0,0.0,0.0,0.0,0.578
observe,0.297,0.288,0.355,0.468,0.813
fabrizio,0.0,0.0,0.0,0.0,0.576
lester,0.0,0.0,0.0,0.0,0.575
ryder,0.0,0.0,0.0,0.0,0.573
eaton,0.0,0.0,0.065,0.0,0.571
julian,0.0,0.0,0.0,0.0,0.57
rhoda,0.0,0.0,0.0,0.0,0.569
bobby,0.0,0.0,0.0,0.0,0.568
hence,0.0,0.0,0.0,0.0,0.567
source,0.0,0.0,0.0,0.0,0.566
marguerite,0.0,0.0,0.0,0.0,0.565
που,0.0,0.0,0.0,0.0,0.564
christina,0.0,0.0,0.0,0.0,0.562
stephen,0.0,0.0,0.0,0.0,0.561
printed,0.0,0.0,0.0,0.0,0.56
patty,0.0,0.0,0.0,0.0,0.559
laws,0.0,0.0,0.0,0.0,0.558
subjects,0.0,0.0,0.0,0.0,0.557
beth,0.0,0.0,0.0,0.0,0.789
arabella,0.0,0.0,0.0,0.0,0.553
similar,0.0,0.0,0.0,0.0,0.552
latin,0.0,0.0,0.0,0.0,0.551
olwen,0.0,0.0,0.0,0.0,0.55
oath,0.0,0.0,0.0,0.0,0.549
chiefly,0.0,0.0,0.0,0.0,0.548
military,0.0,0.0,0.0,0.0,0.547
max,0.0,0.0,0.0,0.0,0.546
orme,0.0,0.218,0.339,0.022,0.763
mayo,0.0,0.0,0.0,0.0,0.544
pippin,0.0,0.0,0.0,0.0,0.543
clarence,0.0,0.0,0.0,0.0,0.542
pip,0.0,0.0,0.0,0.0,0.543
rebecca,0.0,0.0,0.0,0.0,0.539
kells,0.0,0.0,0.0,0.0,0.538
elisabeth,0.0,0.0,0.0,0.0,0.537
chris,0.0,0.0,0.0,0.0,0.723
macrae,0.0,0.0,0.0,0.0,0.533
related,0.0,0.0,0.0,0.0,0.532
civil,0.0,0.0,0.0,0.0,0.53
principal,0.0,0.0,0.0,0.0,0.529
waveney,0.0,0.0,0.0,0.0,0.528
lingard,0.0,0.0,0.0,0.0,0.527
jennie,0.0,0.0,0.0,0.0,0.526
harmony,0.0,0.0,0.0,0.0,0.525
cartwright,0.0,0.0,0.0,0.0,0.524
hale,0.0,0.0,0.0,0.0,0.523
widow,0.0,0.0,0.0,0.0,0.522
oscar,0.0,0.0,0.0,0.0,0.521
version,0.0,0.0,0.0,0.0,0.52
glen,0.0,0.0,0.0,0.0,0.518
flora,0.0,0.0,0.0,0.0,0.517
iris,0.0,0.0,0.0,0.0,0.516
amherst,0.0,0.0,0.0,0.0,0.515
bertram,0.0,0.0,0.0,0.0,0.514
august,0.0,0.0,0.0,0.0,0.513
sagde,0.0,0.0,0.0,0.0,0.511
northern,0.0,0.0,0.0,0.0,0.51
roderick,0.0,0.0,0.0,0.0,0.509
toney,0.0,0.0,0.0,0.0,0.508
distinct,0.0,0.0,0.0,0.0,0.507
myra,0.0,0.0,0.0,0.0,0.506
extended,0.0,0.0,0.0,0.0,0.504
dainty,0.0,0.0,0.0,0.0,0.503
grail,0.0,0.0,0.0,0.0,0.502
donald,0.0,0.0,0.0,0.0,0.501
nation,0.0,0.0,0.09,0.304,0.5
jude,0.0,0.0,0.0,0.0,0.499
τη,0.0,0.676,0.0,0.0,0.772
bayard,0.0,0.0,0.0,0.0,0.496
ang,0.711,0.753,0.8,0.51,0.856
daddy,0.0,0.0,0.0,0.0,0.493
charity,0.0,0.0,0.0,0.0,0.492
spain,0.0,0.0,0.0,0.0,0.491
claudius,0.0,0.0,0.0,0.0,0.49
κι,0.0,0.0,0.0,0.0,0.489
wilding,0.0,0.0,0.0,0.0,0.488
jimmy,0.0,0.0,0.0,0.0,0.487
hughie,0.0,0.0,0.0,0.0,0.486
bible,0.0,0.0,0.0,0.0,0.485
etc,0.0,0.0,0.0,0.0,0.484
robin,0.0,0.0,0.0,0.0,0.483
susan,0.0,0.0,0.0,0.0,0.482
vava,0.0,0.0,0.0,0.0,0.481
staff,0.0,0.0,0.0,0.0,0.48
maggie,0.0,0.0,0.0,0.0,0.479
darsie,0.0,0.0,0.0,0.0,0.478
ballard,0.0,0.0,0.0,0.0,0.477
των,0.0,0.0,0.0,0.0,0.476
nul,0.0,0.045,0.0,0.0,0.475
daisy,0.0,0.0,0.0,0.0,0.474
families,0.0,0.0,0.0,0.0,0.473
archer,0.0,0.0,0.0,0.0,0.472
hym,0.0,0.0,0.0,0.0,0.471
l,0.998,0.997,0.997,0.998,0.998
webster,0.0,0.0,0.0,0.0,0.468
pathfinder,0.0,0.0,0.0,0.0,0.467
clay,0.0,0.0,0.0,0.0,0.466
conrad,0.0,0.0,0.0,0.0,0.465
district,0.0,0.0,0.0,0.0,0.464
rex,0.0,0.0,0.0,0.0,0.463
image,0.0,0.0,0.0,0.0,0.462
mason,0.0,0.0,0.0,0.0,0.461
lisbeth,0.0,0.0,0.0,0.0,0.46
cyril,0.0,0.0,0.0,0.0,0.459
durrance,0.0,0.0,0.0,0.0,0.457
monica,0.0,0.0,0.0,0.0,0.456
wrenn,0.0,0.0,0.0,0.0,0.455
residence,0.0,0.0,0.0,0.0,0.454
feversham,0.0,0.0,0.0,0.0,0.453
graydon,0.0,0.0,0.0,0.0,0.452
lister,0.0,0.0,0.0,0.0,0.451
p,0.979,0.992,0.98,0.987,0.985
tristram,0.0,0.0,0.0,0.0,0.449
laurence,0.0,0.0,0.0,0.0,0.447
croyden,0.0,0.0,0.0,0.0,0.446
wilson,0.0,0.0,0.0,0.0,0.445
celia,0.0,0.0,0.0,0.0,0.444
violet,0.0,0.0,0.0,0.0,0.443
lewisham,0.0,0.0,0.0,0.0,0.442
lafe,0.0,0.0,0.0,0.0,0.441
vulgar,0.0,0.0,0.0,0.0,0.44
jessie,0.0,0.0,0.0,0.0,0.439
willie,0.0,0.0,0.0,0.0,0.438
carlos,0.0,0.0,0.0,0.0,0.437
origin,0.0,0.0,0.0,0.0,0.725
rainey,0.0,0.0,0.0,0.0,0.435
phillip,0.0,0.0,0.0,0.0,0.434
series,0.0,0.0,0.0,0.0,0.432
carter,0.0,0.0,0.0,0.0,0.431
για,0.0,0.0,0.0,0.0,0.43
gower,0.0,0.0,0.0,0.0,0.428
dad,0.0,0.0,0.0,0.0,0.493
observing,0.0,0.0,0.0,0.0,0.426
justine,0.0,0.0,0.0,0.0,0.425
pat,0.175,0.409,0.349,0.295,0.639
gwenna,0.0,0.0,0.0,0.0,0.423
reynolds,0.0,0.0,0.0,0.0,0.422
georgiana,0.0,0.0,0.0,0.0,0.421
steele,0.0,0.0,0.0,0.0,0.42
alec,0.0,0.0,0.0,0.0,0.419
melissa,0.0,0.0,0.0,0.0,0.418
lund,0.0,0.0,0.0,0.0,0.417
neil,0.0,0.0,0.0,0.0,0.416
whitaker,0.0,0.0,0.0,0.0,0.415
allie,0.0,0.0,0.0,0.0,0.413
σας,0.0,0.0,0.0,0.0,0.412
pinckney,0.0,0.0,0.0,0.0,0.411
miriam,0.0,0.0,0.0,0.0,0.41
alonzo,0.0,0.0,0.0,0.0,0.409
sophia,0.0,0.0,0.0,0.0,0.408
bessy,0.0,0.0,0.0,0.0,0.407
musgrave,0.0,0.0,0.0,0.0,0.406
nattie,0.0,0.0,0.0,0.0,0.405
betsy,0.0,0.0,0.0,0.0,0.404
carol,0.0,0.0,0.0,0.0,0.67
barres,0.0,0.0,0.0,0.0,0.402
phyllis,0.0,0.0,0.0,0.0,0.401
στο,0.0,0.0,0.0,0.0,0.4
variety,0.0,0.0,0.0,0.0,0.399
bellew,0.0,0.0,0.0,0.0,0.398
santoine,0.0,0.0,0.0,0.0,0.397
lena,0.0,0.0,0.094,0.0,0.6
irene,0.0,0.0,0.0,0.0,0.395
record,0.0,0.0,0.0,0.0,0.394
cure,0.0,0.0,0.0,0.0,0.393
inquiries,0.0,0.0,0.0,0.0,0.392
wagram,0.0,0.0,0.0,0.0,0.391
consequently,0.0,0.0,0.0,0.0,0.39
epic,0.0,0.0,0.0,0.0,0.389
κ,0.0,0.831,0.0,0.0,0.811
kirk,0.0,0.0,0.0,0.0,0.387
beverley,0.0,0.0,0.0,0.0,0.386
δε,0.0,0.279,0.0,0.0,0.662
spurrier,0.0,0.0,0.0,0.0,0.384
finnerty,0.0,0.0,0.0,0.0,0.383
briefly,0.0,0.0,0.0,0.0,0.382
τι,0.0,0.0,0.0,0.0,0.584
comparison,0.0,0.0,0.0,0.0,0.38
franks,0.0,0.0,0.0,0.0,0.379
olivia,0.0,0.0,0.0,0.0,0.378
αλλά,0.0,0.0,0.0,0.0,0.377
zora,0.0,0.0,0.0,0.0,0.376
subdued,0.0,0.0,0.0,0.0,0.375
bachelor,0.0,0.0,0.0,0.0,0.374
cresswell,0.0,0.0,0.0,0.0,0.373
είχε,0.0,0.0,0.0,0.0,0.372
fifth,0.0,0.0,0.0,0.0,0.371
roderic,0.0,0.0,0.0,0.0,0.509
clare,0.387,0.0,0.0,0.676,0.542
nobles,0.0,0.0,0.0,0.0,0.368
vii,0.0,0.0,0.0,0.0,0.367
gardiner,0.0,0.0,0.0,0.0,0.366
grahame,0.0,0.0,0.0,0.0,0.365
gallatin,0.0,0.0,0.0,0.0,0.364
isbel,0.0,0.0,0.0,0.0,0.363
phyl,0.0,0.0,0.0,0.0,0.401
brilliana,0.0,0.0,0.0,0.0,0.361
intercourse,0.0,0.0,0.0,0.0,0.36
laurie,0.0,0.0,0.0,0.0,0.359
poppea,0.0,0.0,0.0,0.0,0.358
hartwell,0.0,0.0,0.0,0.0,0.356
sheila,0.0,0.0,0.0,0.0,0.355
vb,0.0,0.0,0.0,0.0,0.354
brouillard,0.0,0.0,0.0,0.0,0.353
horton,0.0,0.0,0.0,0.0,0.352
susy,0.0,0.0,0.0,0.0,0.351
katrine,0.0,0.0,0.0,0.0,0.35
inhabitants,0.0,0.0,0.0,0.0,0.349
maseden,0.0,0.0,0.0,0.0,0.348
centuries,0.0,0.0,0.0,0.0,0.347
aoi,0.0,0.0,0.0,0.0,0.346
προς,0.0,0.0,0.0,0.0,0.344
corriston,0.0,0.0,0.0,0.0,0.343
daney,0.0,0.0,0.0,0.0,0.342
torrent,0.0,0.0,0.0,0.0,0.341
romans,0.0,0.0,0.0,0.0,0.34
medenham,0.0,0.0,0.0,0.0,0.339
josephine,0.0,0.0,0.0,0.0,0.338
αν,0.0,0.0,0.0,0.0,0.337
pape,0.381,0.34,0.0,0.757,0.336
phoebe,0.0,0.0,0.0,0.0,0.335
duncan,0.0,0.0,0.0,0.0,0.334
swithin,0.0,0.0,0.0,0.0,0.333
germany,0.0,0.0,0.0,0.0,0.332
interior,0.0,0.0,0.0,0.0,0.331
nations,0.0,0.0,0.0,0.0,0.33
aucassin,0.0,0.0,0.0,0.0,0.329
charter,0.0,0.0,0.0,0.0,0.328
hilda,0.0,0.0,0.0,0.0,0.327
savine,0.0,0.0,0.0,0.0,0.326
marcus,0.0,0.0,0.0,0.0,0.325
winn,0.0,0.0,0.0,0.0,0.324
wilfrid,0.0,0.0,0.0,0.0,0.323
hunch,0.0,0.0,0.0,0.0,0.322
lallie,0.0,0.0,0.0,0.0,0.321
f,0.976,0.955,0.979,0.964,0.97
x,0.851,0.848,0.841,0.848,0.851
οι,0.0,0.0,0.0,0.0,0.318
dacre,0.0,0.0,0.0,0.0,0.317
cleve,0.0,0.0,0.0,0.0,0.316
varrick,0.0,0.0,0.0,0.0,0.315
natives,0.0,0.0,0.0,0.0,0.314
jimsy,0.0,0.0,0.0,0.0,0.313
lorry,0.0,0.0,0.0,0.0,0.312
darrow,0.0,0.0,0.0,0.0,0.311
bernardine,0.0,0.0,0.0,0.0,0.31
firmstone,0.0,0.0,0.0,0.0,0.309
lynn,0.0,0.0,0.0,0.0,0.307
paula,0.0,0.0,0.0,0.0,0.306
atheling,0.0,0.0,0.0,0.0,0.305
sahib,0.0,0.0,0.0,0.0,0.304
g,0.984,0.99,0.984,0.982,0.973
swinton,0.0,0.0,0.0,0.0,0.302
accounts,0.0,0.0,0.0,0.0,0.301
jill,0.0,0.0,0.0,0.0,0.299
province,0.0,0.0,0.0,0.0,0.298
όταν,0.0,0.0,0.0,0.0,0.297
vpon,0.0,0.0,0.0,0.0,0.296
cornelia,0.0,0.0,0.0,0.0,0.295
είναι,0.0,0.0,0.0,0.0,0.294
undine,0.0,0.0,0.0,0.0,0.293
ranch,0.0,0.0,0.0,0.0,0.292
doane,0.0,0.0,0.0,0.0,0.291
anthea,0.0,0.0,0.0,0.0,0.29
σε,0.0,0.0,0.0,0.0,0.289
halloran,0.0,0.0,0.0,0.0,0.288
meu,0.0,0.0,0.0,0.0,0.287
evander,0.0,0.0,0.0,0.0,0.286
adriance,0.0,0.0,0.0,0.0,0.285
tony,0.0,0.0,0.0,0.0,0.284
halfman,0.0,0.0,0.0,0.0,0.283
gertie,0.0,0.0,0.0,0.0,0.282
candy,0.0,0.0,0.0,0.0,0.281
cyn,0.0,0.0,0.0,0.0,0.669
polished,0.0,0.0,0.0,0.0,0.279
είπεν,0.0,0.0,0.0,0.0,0.278
jorth,0.0,0.0,0.0,0.0,0.277
είνε,0.0,0.0,0.0,0.0,0.276
prophecies,0.0,0.0,0.0,0.0,0.275
hyde,0.0,0.0,0.0,0.0,0.273
ab,0.722,0.697,0.774,0.822,0.871
universal,0.0,0.0,0.0,0.0,0.271
marchesa,0.0,0.0,0.0,0.0,0.27
brockway,0.0,0.0,0.0,0.0,0.269
claudia,0.0,0.0,0.0,0.0,0.268
επί,0.0,0.0,0.0,0.0,0.267
lindsay,0.0,0.0,0.0,0.0,0.266
prophecy,0.0,0.0,0.0,0.0,0.265
towns,0.0,0.0,0.0,0.0,0.264
missionary,0.0,0.0,0.0,0.0,0.263
kenyon,0.0,0.0,0.0,0.0,0.262
randolph,0.0,0.0,0.0,0.0,0.261
natalie,0.0,0.0,0.0,0.0,0.26
rh,0.813,0.743,0.852,0.866,0.932
imp,0.267,0.322,0.596,0.517,0.258
necessarily,0.0,0.0,0.0,0.0,0.257
derived,0.0,0.0,0.0,0.0,0.256
translation,0.0,0.0,0.0,0.0,0.255
lynborough,0.0,0.0,0.0,0.0,0.254
ν,0.0,0.738,0.0,0.0,0.78
aspatria,0.0,0.0,0.0,0.0,0.252
τριστάνος,0.0,0.0,0.0,0.0,0.251
totally,0.0,0.0,0.0,0.0,0.25
σαν,0.0,0.0,0.0,0.0,0.249
khan,0.0,0.0,0.0,0.0,0.248
élise,0.0,0.0,0.0,0.0,0.247
colin,0.0,0.0,0.0,0.0,0.246
primitive,0.0,0.0,0.0,0.0,0.245
thérèse,0.0,0.0,0.0,0.0,0.244
αλλ,0.0,0.0,0.0,0.0,0.377
leagues,0.0,0.0,0.0,0.0,0.241
κατά,0.0,0.0,0.0,0.0,0.24
αφού,0.0,0.0,0.0,0.0,0.239
αυτό,0.0,0.0,0.0,0.0,0.238
league,0.0,0.0,0.0,0.0,0.241
εν,0.0,0.279,0.0,0.0,0.662
evelina,0.0,0.0,0.0,0.0,0.235
bears,0.0,0.0,0.0,0.0,0.234
causes,0.0,0.0,0.0,0.0,0.233
halfred,0.0,0.0,0.0,0.0,0.232
στη,0.0,0.0,0.0,0.0,0.231
nobility,0.0,0.0,0.0,0.0,0.23
theo,0.0,0.0,0.0,0.258,0.229
formidable,0.0,0.0,0.0,0.0,0.228
λοιπόν,0.0,0.0,0.0,0.0,0.227
στην,0.0,0.0,0.0,0.0,0.226
countries,0.0,0.0,0.0,0.0,0.225
teddy,0.0,0.0,0.0,0.0,0.224
zephyr,0.0,0.0,0.0,0.0,0.223
είπε,0.0,0.0,0.0,0.0,0.278
laine,0.39,0.128,0.0,0.557,0.221
deus,0.0,0.0,0.0,0.0,0.22
orlando,0.0,0.0,0.0,0.0,0.219
milly,0.0,0.0,0.0,0.0,0.218
proofs,0.0,0.0,0.0,0.0,0.217
πολύ,0.0,0.0,0.0,0.0,0.216
cormac,0.0,0.0,0.0,0.0,0.215
εκείνη,0.0,0.0,0.0,0.0,0.214
thaneford,0.0,0.0,0.0,0.0,0.213
attending,0.0,0.0,0.0,0.0,0.212
ήτανε,0.0,0.0,0.0,0.0,0.211
μη,0.0,0.0,0.0,0.0,0.21
μα,0.0,0.0,0.0,0.0,0.209
ιζόλδη,0.0,0.0,0.0,0.0,0.208
στα,0.0,0.0,0.0,0.0,0.207
ως,0.0,0.0,0.0,0.0,0.206
είχεν,0.0,0.0,0.0,0.0,0.205
mixture,0.0,0.0,0.0,0.0,0.204
sic,0.282,0.429,0.174,0.0,0.859
μετά,0.0,0.0,0.0,0.0,0.202
winthrop,0.0,0.0,0.0,0.0,0.201
όχι,0.0,0.0,0.0,0.0,0.2
authors,0.0,0.0,0.0,0.0,0.199
independence,0.0,0.0,0.0,0.0,0.198
angelina,0.0,0.0,0.0,0.0,0.197
χωρίς,0.0,0.0,0.0,0.0,0.196
όλα,0.0,0.0,0.0,0.0,0.195
bruce,0.0,0.0,0.0,0.0,0.194
venus,0.0,0.0,0.0,0.0,0.193
traces,0.0,0.0,0.0,0.0,0.192
royall,0.0,0.0,0.0,0.0,0.191
hosmer,0.0,0.0,0.0,0.0,0.19
εγώ,0.0,0.0,0.0,0.0,0.189
όπως,0.0,0.0,0.0,0.0,0.188
customs,0.0,0.0,0.0,0.0,0.187
harney,0.0,0.0,0.0,0.0,0.186
retained,0.0,0.0,0.0,0.0,0.185
situated,0.0,0.0,0.0,0.0,0.184
μια,0.0,0.0,0.0,0.0,0.183
επειδή,0.0,0.0,0.0,0.0,0.182
μας,0.0,0.0,0.0,0.0,0.181
σ,0.0,0.062,0.0,0.0,0.412
αυτή,0.0,0.0,0.0,0.0,0.179
nicolete,0.0,0.0,0.0,0.0,0.178
αυτόν,0.0,0.0,0.0,0.0,0.177
j,0.929,0.988,0.974,0.904,0.982
πώς,0.0,0.0,0.0,0.0,0.175
hindi,0.0,0.0,0.0,0.0,0.174
turlington,0.0,0.0,0.0,0.0,0.173
connexion,0.0,0.0,0.0,0.0,0.172
ulfar,0.0,0.0,0.0,0.0,0.171
ακόμη,0.0,0.0,0.0,0.0,0.17
susannah,0.0,0.0,0.0,0.0,0.169
στον,0.0,0.0,0.0,0.0,0.168
παρά,0.0,0.0,0.0,0.0,0.167
conquest,0.0,0.0,0.0,0.0,0.166
durant,0.0,0.0,0.0,0.0,0.164
αυτήν,0.0,0.0,0.0,0.0,0.163
brune,0.0,0.0,0.0,0.0,0.162
twelfth,0.0,0.0,0.0,0.0,0.161
celtic,0.0,0.0,0.0,0.0,0.16
provençal,0.0,0.0,0.0,0.0,0.159
allowing,0.0,0.0,0.0,0.0,0.158
gaul,0.0,0.0,0.0,0.0,0.157
χλόη,0.0,0.0,0.0,0.0,0.156
βασίλισσα,0.0,0.0,0.0,0.0,0.155
ούτε,0.0,0.0,0.0,0.0,0.154
sources,0.0,0.0,0.0,0.0,0.153
marietta,0.0,0.0,0.0,0.0,0.152
antony,0.0,0.0,0.0,0.0,0.151
rhine,0.0,0.0,0.0,0.0,0.15
αυτά,0.0,0.0,0.0,0.0,0.149
feudal,0.0,0.0,0.0,0.0,0.148
valleys,0.0,0.0,0.0,0.0,0.147
juana,0.0,0.0,0.0,0.0,0.146
douglass,0.0,0.0,0.0,0.0,0.145
ή,0.0,0.0,0.0,0.0,0.211
όμως,0.0,0.0,0.0,0.0,0.143
τότε,0.0,0.0,0.0,0.0,0.142
τίποτε,0.0,0.0,0.0,0.0,0.141
handwriting,0.0,0.0,0.0,0.0,0.14
μόνον,0.0,0.0,0.0,0.0,0.139
dialect,0.0,0.0,0.0,0.0,0.138
μ,0.0,0.555,0.0,0.0,0.643
εκ,0.0,0.0,0.0,0.0,0.214
μέσα,0.0,0.0,0.0,0.0,0.135
είμαι,0.0,0.0,0.0,0.0,0.134
castles,0.0,0.0,0.0,0.0,0.133
αυτός,0.0,0.0,0.0,0.0,0.132
subsequent,0.0,0.0,0.0,0.0,0.131
crosby,0.0,0.0,0.0,0.0,0.13
τόσον,0.0,0.0,0.0,0.0,0.129
lib,0.0,0.0,0.0,0.349,0.128
τ,0.0,0.676,0.0,0.0,0.784
villages,0.0,0.0,0.0,0.0,0.126
ναι,0.0,0.0,0.0,0.0,0.294
languages,0.0,0.0,0.0,0.0,0.124
penetrated,0.0,0.0,0.0,0.0,0.123
έτσι,0.0,0.0,0.0,0.0,0.122
τώρα,0.0,0.0,0.0,0.0,0.121
εκείνος,0.0,0.0,0.0,0.0,0.12
shaw,0.0,0.0,0.0,0.0,0.119
ό,0.0,0.427,0.0,0.0,0.618
όπου,0.0,0.0,0.0,0.0,0.117
widely,0.0,0.0,0.0,0.0,0.116
βασιληά,0.0,0.0,0.0,0.0,0.115
isang,0.0,0.0,0.0,0.0,0.114
diard,0.0,0.0,0.0,0.0,0.113
γυναίκα,0.0,0.0,0.0,0.0,0.112
βασιληάς,0.0,0.0,0.0,0.0,0.11
teutonic,0.0,0.0,0.0,0.0,0.109
κανείς,0.0,0.0,0.0,0.0,0.108
οποίον,0.0,0.0,0.0,0.0,0.107
γιατί,0.0,0.0,0.0,0.0,0.106
procured,0.0,0.0,0.0,0.0,0.105
α,0.0,0.831,0.0,0.0,0.811
πως,0.0,0.0,0.0,0.0,0.188
vel,0.0,0.545,0.5,0.0,0.235
καλά,0.0,0.0,0.0,0.0,0.101
ένας,0.0,0.0,0.0,0.0,0.1
conqueror,0.0,0.0,0.0,0.0,0.099
εκεί,0.0,0.0,0.0,0.0,0.214
corruption,0.0,0.0,0.0,0.0,0.097
ποτέ,0.0,0.0,0.0,0.0,0.096
μάτια,0.0,0.0,0.0,0.0,0.095
πρέπει,0.0,0.0,0.0,0.0,0.094
marina,0.0,0.0,0.0,0.0,0.093
file,0.0,0.0,0.0,0.0,0.092
manifestly,0.0,0.0,0.0,0.0,0.091
pro,0.404,0.147,0.693,0.618,0.843
dominions,0.0,0.0,0.0,0.0,0.088
froda,0.0,0.0,0.0,0.0,0.087
άλλο,0.0,0.0,0.0,0.0,0.086
deu,0.0,0.0,0.0,0.366,0.22
απ,0.0,0.427,0.0,0.0,0.618
κοντά,0.0,0.0,0.0,0.0,0.083
μόλις,0.0,0.0,0.0,0.0,0.082
ήταν,0.0,0.0,0.0,0.0,0.211
χέρια,0.0,0.0,0.0,0.0,0.08
ώστε,0.0,0.0,0.0,0.0,0.079
featherpenny,0.0,0.0,0.0,0.0,0.078
αυτού,0.0,0.0,0.0,0.0,0.076
kung,0.0,0.0,0.0,0.0,0.075
όσα,0.0,0.0,0.0,0.0,0.074
στους,0.0,0.0,0.0,0.0,0.073
έχει,0.0,0.0,0.0,0.0,0.072
έπειτα,0.0,0.0,0.0,0.0,0.071
δυο,0.0,0.0,0.0,0.0,0.07
θάλασσα,0.0,0.0,0.0,0.0,0.069
ας,0.0,0.0,0.0,0.0,0.412
μήτε,0.0,0.0,0.0,0.0,0.067
τόσο,0.0,0.0,0.0,0.0,0.129
προ,0.0,0.0,0.0,0.0,0.344
salvar,0.0,0.0,0.0,0.0,0.064
έχω,0.0,0.0,0.0,0.0,0.063
blakely,0.0,0.0,0.0,0.0,0.062
μέρα,0.0,0.0,0.0,0.0,0.061
κάθε,0.0,0.0,0.0,0.0,0.06
κάτι,0.0,0.0,0.0,0.0,0.059
adventurers,0.0,0.0,0.0,0.0,0.058
όλοι,0.0,0.0,0.0,0.0,0.057
governed,0.0,0.0,0.0,0.0,0.056
code,0.0,0.0,0.0,0.0,0.055
καθώς,0.0,0.0,0.0,0.0,0.054
ζωή,0.0,0.0,0.0,0.0,0.053
εδώ,0.0,0.0,0.0,0.0,0.052
εξ,0.0,0.0,0.0,0.0,0.051
αμέσως,0.0,0.0,0.0,0.0,0.05
καρδιά,0.0,0.0,0.0,0.0,0.049
είδε,0.0,0.0,0.0,0.0,0.048
άμα,0.0,0.0,0.0,0.0,0.047
πάντα,0.0,0.0,0.0,0.0,0.046
alps,0.0,0.0,0.0,0.0,0.045
τριστάνο,0.0,0.0,0.0,0.0,0.251
edwald,0.0,0.0,0.0,0.0,0.043
heine,0.0,0.0,0.0,0.0,0.042
ενώ,0.0,0.0,0.0,0.0,0.041
οποία,0.0,0.0,0.0,0.0,0.04
hildegardis,0.0,0.0,0.0,0.0,0.039
γνωρίζω,0.0,0.0,0.0,0.0,0.038
extant,0.0,0.0,0.0,0.0,0.037
differ,0.5,0.49,0.656,0.0,0.86
tailpiece,0.0,0.0,0.0,0.0,0.035
λόγια,0.0,0.0,0.0,0.0,0.034
πάντοτε,0.0,0.0,0.0,0.0,0.033
εκείνο,0.0,0.0,0.0,0.0,0.12
πειο,0.0,0.0,0.0,0.0,0.031
αγάπη,0.0,0.0,0.0,0.0,0.03
κάτω,0.0,0.0,0.0,0.0,0.029
παιδί,0.0,0.0,0.0,0.0,0.028
contributed,0.0,0.0,0.0,0.0,0.027
variations,0.0,0.0,0.0,0.0,0.026
τόπο,0.0,0.0,0.0,0.0,0.025
θεός,0.0,0.0,0.0,0.0,0.024
τέλος,0.0,0.0,0.0,0.0,0.023
μέρος,0.0,0.0,0.0,0.0,0.022
δύο,0.0,0.0,0.0,0.0,0.021
asaph,0.0,0.0,0.0,0.0,0.02
ήθελε,0.0,0.0,0.0,0.0,0.019
universally,0.0,0.0,0.0,0.0,0.018
πήρε,0.0,0.0,0.0,0.0,0.017
κυρία,0.0,0.0,0.0,0.0,0.016
πεια,0.0,0.0,0.0,0.0,0.015
μπορούσε,0.0,0.0,0.0,0.0,0.014
μήπως,0.0,0.0,0.0,0.0,0.013
debby,0.0,0.0,0.0,0.0,0.012
sub,0.128,0.201,0.0,0.429,0.557
όσο,0.0,0.0,0.0,0.0,0.129
χέρι,0.0,0.0,0.0,0.0,0.08
νύχτα,0.0,0.0,0.0,0.0,0.008
ωραία,0.0,0.0,0.0,0.0,0.007
μάλιστα,0.0,0.0,0.0,0.0,0.006
πάλι,0.0,0.0,0.0,0.0,0.005
σεις,0.0,0.0,0.0,0.0,0.004
συ,0.0,0.0,0.0,0.0,0.003
φωνή,0.0,0.0,0.0,0.0,0.002
άλλοτε,0.0,0.0,0.0,0.0,0.001
